--
-- PostgreSQL database dump
--

-- Dumped from database version 15.12
-- Dumped by pg_dump version 15.12

SET statement_timeout = 0;
SET lock_timeout = 0;
SET idle_in_transaction_session_timeout = 0;
SET client_encoding = 'UTF8';
SET standard_conforming_strings = on;
SELECT pg_catalog.set_config('search_path', '', false);
SET check_function_bodies = false;
SET xmloption = content;
SET client_min_messages = warning;
SET row_security = off;

SET default_tablespace = '';

SET default_table_access_method = heap;

--
-- Name: auth_group; Type: TABLE; Schema: public; Owner: torki
--

CREATE TABLE public.auth_group (
    id integer NOT NULL,
    name character varying(150) NOT NULL
);


ALTER TABLE public.auth_group OWNER TO torki;

--
-- Name: auth_group_id_seq; Type: SEQUENCE; Schema: public; Owner: torki
--

ALTER TABLE public.auth_group ALTER COLUMN id ADD GENERATED BY DEFAULT AS IDENTITY (
    SEQUENCE NAME public.auth_group_id_seq
    START WITH 1
    INCREMENT BY 1
    NO MINVALUE
    NO MAXVALUE
    CACHE 1
);


--
-- Name: auth_group_permissions; Type: TABLE; Schema: public; Owner: torki
--

CREATE TABLE public.auth_group_permissions (
    id bigint NOT NULL,
    group_id integer NOT NULL,
    permission_id integer NOT NULL
);


ALTER TABLE public.auth_group_permissions OWNER TO torki;

--
-- Name: auth_group_permissions_id_seq; Type: SEQUENCE; Schema: public; Owner: torki
--

ALTER TABLE public.auth_group_permissions ALTER COLUMN id ADD GENERATED BY DEFAULT AS IDENTITY (
    SEQUENCE NAME public.auth_group_permissions_id_seq
    START WITH 1
    INCREMENT BY 1
    NO MINVALUE
    NO MAXVALUE
    CACHE 1
);


--
-- Name: auth_permission; Type: TABLE; Schema: public; Owner: torki
--

CREATE TABLE public.auth_permission (
    id integer NOT NULL,
    name character varying(255) NOT NULL,
    content_type_id integer NOT NULL,
    codename character varying(100) NOT NULL
);


ALTER TABLE public.auth_permission OWNER TO torki;

--
-- Name: auth_permission_id_seq; Type: SEQUENCE; Schema: public; Owner: torki
--

ALTER TABLE public.auth_permission ALTER COLUMN id ADD GENERATED BY DEFAULT AS IDENTITY (
    SEQUENCE NAME public.auth_permission_id_seq
    START WITH 1
    INCREMENT BY 1
    NO MINVALUE
    NO MAXVALUE
    CACHE 1
);


--
-- Name: auth_user; Type: TABLE; Schema: public; Owner: torki
--

CREATE TABLE public.auth_user (
    id integer NOT NULL,
    password character varying(128) NOT NULL,
    last_login timestamp with time zone,
    is_superuser boolean NOT NULL,
    username character varying(150) NOT NULL,
    first_name character varying(150) NOT NULL,
    last_name character varying(150) NOT NULL,
    email character varying(254) NOT NULL,
    is_staff boolean NOT NULL,
    is_active boolean NOT NULL,
    date_joined timestamp with time zone NOT NULL
);


ALTER TABLE public.auth_user OWNER TO torki;

--
-- Name: auth_user_groups; Type: TABLE; Schema: public; Owner: torki
--

CREATE TABLE public.auth_user_groups (
    id bigint NOT NULL,
    user_id integer NOT NULL,
    group_id integer NOT NULL
);


ALTER TABLE public.auth_user_groups OWNER TO torki;

--
-- Name: auth_user_groups_id_seq; Type: SEQUENCE; Schema: public; Owner: torki
--

ALTER TABLE public.auth_user_groups ALTER COLUMN id ADD GENERATED BY DEFAULT AS IDENTITY (
    SEQUENCE NAME public.auth_user_groups_id_seq
    START WITH 1
    INCREMENT BY 1
    NO MINVALUE
    NO MAXVALUE
    CACHE 1
);


--
-- Name: auth_user_id_seq; Type: SEQUENCE; Schema: public; Owner: torki
--

ALTER TABLE public.auth_user ALTER COLUMN id ADD GENERATED BY DEFAULT AS IDENTITY (
    SEQUENCE NAME public.auth_user_id_seq
    START WITH 1
    INCREMENT BY 1
    NO MINVALUE
    NO MAXVALUE
    CACHE 1
);


--
-- Name: auth_user_user_permissions; Type: TABLE; Schema: public; Owner: torki
--

CREATE TABLE public.auth_user_user_permissions (
    id bigint NOT NULL,
    user_id integer NOT NULL,
    permission_id integer NOT NULL
);


ALTER TABLE public.auth_user_user_permissions OWNER TO torki;

--
-- Name: auth_user_user_permissions_id_seq; Type: SEQUENCE; Schema: public; Owner: torki
--

ALTER TABLE public.auth_user_user_permissions ALTER COLUMN id ADD GENERATED BY DEFAULT AS IDENTITY (
    SEQUENCE NAME public.auth_user_user_permissions_id_seq
    START WITH 1
    INCREMENT BY 1
    NO MINVALUE
    NO MAXVALUE
    CACHE 1
);


--
-- Name: django_admin_log; Type: TABLE; Schema: public; Owner: torki
--

CREATE TABLE public.django_admin_log (
    id integer NOT NULL,
    action_time timestamp with time zone NOT NULL,
    object_id text,
    object_repr character varying(200) NOT NULL,
    action_flag smallint NOT NULL,
    change_message text NOT NULL,
    content_type_id integer,
    user_id integer NOT NULL,
    CONSTRAINT django_admin_log_action_flag_check CHECK ((action_flag >= 0))
);


ALTER TABLE public.django_admin_log OWNER TO torki;

--
-- Name: django_admin_log_id_seq; Type: SEQUENCE; Schema: public; Owner: torki
--

ALTER TABLE public.django_admin_log ALTER COLUMN id ADD GENERATED BY DEFAULT AS IDENTITY (
    SEQUENCE NAME public.django_admin_log_id_seq
    START WITH 1
    INCREMENT BY 1
    NO MINVALUE
    NO MAXVALUE
    CACHE 1
);


--
-- Name: django_content_type; Type: TABLE; Schema: public; Owner: torki
--

CREATE TABLE public.django_content_type (
    id integer NOT NULL,
    app_label character varying(100) NOT NULL,
    model character varying(100) NOT NULL
);


ALTER TABLE public.django_content_type OWNER TO torki;

--
-- Name: django_content_type_id_seq; Type: SEQUENCE; Schema: public; Owner: torki
--

ALTER TABLE public.django_content_type ALTER COLUMN id ADD GENERATED BY DEFAULT AS IDENTITY (
    SEQUENCE NAME public.django_content_type_id_seq
    START WITH 1
    INCREMENT BY 1
    NO MINVALUE
    NO MAXVALUE
    CACHE 1
);


--
-- Name: django_migrations; Type: TABLE; Schema: public; Owner: torki
--

CREATE TABLE public.django_migrations (
    id bigint NOT NULL,
    app character varying(255) NOT NULL,
    name character varying(255) NOT NULL,
    applied timestamp with time zone NOT NULL
);


ALTER TABLE public.django_migrations OWNER TO torki;

--
-- Name: django_migrations_id_seq; Type: SEQUENCE; Schema: public; Owner: torki
--

ALTER TABLE public.django_migrations ALTER COLUMN id ADD GENERATED BY DEFAULT AS IDENTITY (
    SEQUENCE NAME public.django_migrations_id_seq
    START WITH 1
    INCREMENT BY 1
    NO MINVALUE
    NO MAXVALUE
    CACHE 1
);


--
-- Name: django_session; Type: TABLE; Schema: public; Owner: torki
--

CREATE TABLE public.django_session (
    session_key character varying(40) NOT NULL,
    session_data text NOT NULL,
    expire_date timestamp with time zone NOT NULL
);


ALTER TABLE public.django_session OWNER TO torki;

--
-- Name: marketplace_buyer; Type: TABLE; Schema: public; Owner: torki
--

CREATE TABLE public.marketplace_buyer (
    id bigint NOT NULL,
    phone_number character varying(15) NOT NULL,
    location character varying(255) NOT NULL,
    profile_id bigint NOT NULL
);


ALTER TABLE public.marketplace_buyer OWNER TO torki;

--
-- Name: marketplace_buyer_id_seq; Type: SEQUENCE; Schema: public; Owner: torki
--

ALTER TABLE public.marketplace_buyer ALTER COLUMN id ADD GENERATED BY DEFAULT AS IDENTITY (
    SEQUENCE NAME public.marketplace_buyer_id_seq
    START WITH 1
    INCREMENT BY 1
    NO MINVALUE
    NO MAXVALUE
    CACHE 1
);


--
-- Name: marketplace_farmer; Type: TABLE; Schema: public; Owner: torki
--

CREATE TABLE public.marketplace_farmer (
    id bigint NOT NULL,
    phone_number character varying(15) NOT NULL,
    location character varying(255) NOT NULL,
    profile_id bigint NOT NULL,
    cover_image character varying(100),
    profile_picture character varying(100)
);


ALTER TABLE public.marketplace_farmer OWNER TO torki;

--
-- Name: marketplace_farmer_id_seq; Type: SEQUENCE; Schema: public; Owner: torki
--

ALTER TABLE public.marketplace_farmer ALTER COLUMN id ADD GENERATED BY DEFAULT AS IDENTITY (
    SEQUENCE NAME public.marketplace_farmer_id_seq
    START WITH 1
    INCREMENT BY 1
    NO MINVALUE
    NO MAXVALUE
    CACHE 1
);


--
-- Name: marketplace_order; Type: TABLE; Schema: public; Owner: torki
--

CREATE TABLE public.marketplace_order (
    id bigint NOT NULL,
    quantity numeric(10,2) NOT NULL,
    unit_price numeric(10,2) NOT NULL,
    platform_fee numeric(10,2) NOT NULL,
    total_amount numeric(10,2) NOT NULL,
    status character varying(20) NOT NULL,
    delivery_location character varying(255) NOT NULL,
    delivery_notes text NOT NULL,
    created_at timestamp with time zone NOT NULL,
    buyer_id bigint NOT NULL,
    produce_id bigint NOT NULL
);


ALTER TABLE public.marketplace_order OWNER TO torki;

--
-- Name: marketplace_order_id_seq; Type: SEQUENCE; Schema: public; Owner: torki
--

ALTER TABLE public.marketplace_order ALTER COLUMN id ADD GENERATED BY DEFAULT AS IDENTITY (
    SEQUENCE NAME public.marketplace_order_id_seq
    START WITH 1
    INCREMENT BY 1
    NO MINVALUE
    NO MAXVALUE
    CACHE 1
);


--
-- Name: marketplace_priceupdate; Type: TABLE; Schema: public; Owner: torki
--

CREATE TABLE public.marketplace_priceupdate (
    id bigint NOT NULL,
    location character varying(100) NOT NULL,
    price numeric(10,2) NOT NULL,
    unit character varying(10) NOT NULL,
    source character varying(100) NOT NULL,
    created_at timestamp with time zone NOT NULL,
    is_sent boolean NOT NULL,
    sent_at timestamp with time zone,
    produce_category_id bigint NOT NULL
);


ALTER TABLE public.marketplace_priceupdate OWNER TO torki;

--
-- Name: marketplace_priceupdate_id_seq; Type: SEQUENCE; Schema: public; Owner: torki
--

ALTER TABLE public.marketplace_priceupdate ALTER COLUMN id ADD GENERATED BY DEFAULT AS IDENTITY (
    SEQUENCE NAME public.marketplace_priceupdate_id_seq
    START WITH 1
    INCREMENT BY 1
    NO MINVALUE
    NO MAXVALUE
    CACHE 1
);


--
-- Name: marketplace_produce; Type: TABLE; Schema: public; Owner: torki
--

CREATE TABLE public.marketplace_produce (
    id bigint NOT NULL,
    title character varying(200) NOT NULL,
    description text NOT NULL,
    quantity numeric(10,2) NOT NULL,
    unit character varying(50) NOT NULL,
    price_per_unit numeric(10,2) NOT NULL,
    location character varying(255) NOT NULL,
    is_available boolean NOT NULL,
    created_at timestamp with time zone NOT NULL,
    updated_at timestamp with time zone NOT NULL,
    farmer_id bigint NOT NULL,
    category_id bigint NOT NULL
);


ALTER TABLE public.marketplace_produce OWNER TO torki;

--
-- Name: marketplace_produce_id_seq; Type: SEQUENCE; Schema: public; Owner: torki
--

ALTER TABLE public.marketplace_produce ALTER COLUMN id ADD GENERATED BY DEFAULT AS IDENTITY (
    SEQUENCE NAME public.marketplace_produce_id_seq
    START WITH 1
    INCREMENT BY 1
    NO MINVALUE
    NO MAXVALUE
    CACHE 1
);


--
-- Name: marketplace_producecategory; Type: TABLE; Schema: public; Owner: torki
--

CREATE TABLE public.marketplace_producecategory (
    id bigint NOT NULL,
    name character varying(100) NOT NULL,
    description text NOT NULL
);


ALTER TABLE public.marketplace_producecategory OWNER TO torki;

--
-- Name: marketplace_producecategory_id_seq; Type: SEQUENCE; Schema: public; Owner: torki
--

ALTER TABLE public.marketplace_producecategory ALTER COLUMN id ADD GENERATED BY DEFAULT AS IDENTITY (
    SEQUENCE NAME public.marketplace_producecategory_id_seq
    START WITH 1
    INCREMENT BY 1
    NO MINVALUE
    NO MAXVALUE
    CACHE 1
);


--
-- Name: marketplace_rating; Type: TABLE; Schema: public; Owner: torki
--

CREATE TABLE public.marketplace_rating (
    id bigint NOT NULL,
    comment text NOT NULL,
    created_at timestamp with time zone NOT NULL,
    buyer_id bigint,
    farmer_id bigint NOT NULL,
    rating integer NOT NULL
);


ALTER TABLE public.marketplace_rating OWNER TO torki;

--
-- Name: marketplace_rating_id_seq; Type: SEQUENCE; Schema: public; Owner: torki
--

ALTER TABLE public.marketplace_rating ALTER COLUMN id ADD GENERATED BY DEFAULT AS IDENTITY (
    SEQUENCE NAME public.marketplace_rating_id_seq
    START WITH 1
    INCREMENT BY 1
    NO MINVALUE
    NO MAXVALUE
    CACHE 1
);


--
-- Name: marketplace_smsmessage; Type: TABLE; Schema: public; Owner: torki
--

CREATE TABLE public.marketplace_smsmessage (
    id bigint NOT NULL,
    recipient_number character varying(15) NOT NULL,
    message_content text NOT NULL,
    message_type character varying(10) NOT NULL,
    sent_at timestamp with time zone NOT NULL,
    status character varying(20) NOT NULL,
    twilio_sid character varying(50),
    buyer_id bigint,
    farmer_id bigint,
    related_order_id bigint,
    related_produce_id bigint
);


ALTER TABLE public.marketplace_smsmessage OWNER TO torki;

--
-- Name: marketplace_smsmessage_id_seq; Type: SEQUENCE; Schema: public; Owner: torki
--

ALTER TABLE public.marketplace_smsmessage ALTER COLUMN id ADD GENERATED BY DEFAULT AS IDENTITY (
    SEQUENCE NAME public.marketplace_smsmessage_id_seq
    START WITH 1
    INCREMENT BY 1
    NO MINVALUE
    NO MAXVALUE
    CACHE 1
);


--
-- Name: marketplace_smssubscription; Type: TABLE; Schema: public; Owner: torki
--

CREATE TABLE public.marketplace_smssubscription (
    id bigint NOT NULL,
    subscription_type character varying(10) NOT NULL,
    is_active boolean NOT NULL,
    created_at timestamp with time zone NOT NULL,
    updated_at timestamp with time zone NOT NULL,
    buyer_id bigint,
    farmer_id bigint
);


ALTER TABLE public.marketplace_smssubscription OWNER TO torki;

--
-- Name: marketplace_smssubscription_id_seq; Type: SEQUENCE; Schema: public; Owner: torki
--

ALTER TABLE public.marketplace_smssubscription ALTER COLUMN id ADD GENERATED BY DEFAULT AS IDENTITY (
    SEQUENCE NAME public.marketplace_smssubscription_id_seq
    START WITH 1
    INCREMENT BY 1
    NO MINVALUE
    NO MAXVALUE
    CACHE 1
);


--
-- Name: marketplace_smstemplate; Type: TABLE; Schema: public; Owner: torki
--

CREATE TABLE public.marketplace_smstemplate (
    id bigint NOT NULL,
    name character varying(50) NOT NULL,
    template_text text NOT NULL,
    description text NOT NULL,
    message_type character varying(10) NOT NULL,
    created_at timestamp with time zone NOT NULL,
    updated_at timestamp with time zone NOT NULL
);


ALTER TABLE public.marketplace_smstemplate OWNER TO torki;

--
-- Name: marketplace_smstemplate_id_seq; Type: SEQUENCE; Schema: public; Owner: torki
--

ALTER TABLE public.marketplace_smstemplate ALTER COLUMN id ADD GENERATED BY DEFAULT AS IDENTITY (
    SEQUENCE NAME public.marketplace_smstemplate_id_seq
    START WITH 1
    INCREMENT BY 1
    NO MINVALUE
    NO MAXVALUE
    CACHE 1
);


--
-- Name: marketplace_sponsor; Type: TABLE; Schema: public; Owner: torki
--

CREATE TABLE public.marketplace_sponsor (
    id bigint NOT NULL,
    phone_number character varying(15) NOT NULL,
    organization character varying(255) NOT NULL,
    profile_id bigint NOT NULL
);


ALTER TABLE public.marketplace_sponsor OWNER TO torki;

--
-- Name: marketplace_sponsor_id_seq; Type: SEQUENCE; Schema: public; Owner: torki
--

ALTER TABLE public.marketplace_sponsor ALTER COLUMN id ADD GENERATED BY DEFAULT AS IDENTITY (
    SEQUENCE NAME public.marketplace_sponsor_id_seq
    START WITH 1
    INCREMENT BY 1
    NO MINVALUE
    NO MAXVALUE
    CACHE 1
);


--
-- Name: marketplace_sponsorship; Type: TABLE; Schema: public; Owner: torki
--

CREATE TABLE public.marketplace_sponsorship (
    id bigint NOT NULL,
    title character varying(200) NOT NULL,
    description text NOT NULL,
    amount_requested numeric(10,2) NOT NULL,
    expected_yield numeric(10,2) NOT NULL,
    created_at timestamp with time zone NOT NULL,
    status character varying(20) NOT NULL,
    farmer_id bigint NOT NULL,
    sponsor_id bigint
);


ALTER TABLE public.marketplace_sponsorship OWNER TO torki;

--
-- Name: marketplace_sponsorship_id_seq; Type: SEQUENCE; Schema: public; Owner: torki
--

ALTER TABLE public.marketplace_sponsorship ALTER COLUMN id ADD GENERATED BY DEFAULT AS IDENTITY (
    SEQUENCE NAME public.marketplace_sponsorship_id_seq
    START WITH 1
    INCREMENT BY 1
    NO MINVALUE
    NO MAXVALUE
    CACHE 1
);


--
-- Name: marketplace_sponsorshipmilestone; Type: TABLE; Schema: public; Owner: torki
--

CREATE TABLE public.marketplace_sponsorshipmilestone (
    id bigint NOT NULL,
    title character varying(200) NOT NULL,
    description text NOT NULL,
    due_date date NOT NULL,
    status character varying(20) NOT NULL,
    verification_notes text NOT NULL,
    sponsorship_id bigint NOT NULL
);


ALTER TABLE public.marketplace_sponsorshipmilestone OWNER TO torki;

--
-- Name: marketplace_sponsorshipmilestone_id_seq; Type: SEQUENCE; Schema: public; Owner: torki
--

ALTER TABLE public.marketplace_sponsorshipmilestone ALTER COLUMN id ADD GENERATED BY DEFAULT AS IDENTITY (
    SEQUENCE NAME public.marketplace_sponsorshipmilestone_id_seq
    START WITH 1
    INCREMENT BY 1
    NO MINVALUE
    NO MAXVALUE
    CACHE 1
);


--
-- Name: marketplace_sponsorshippayment; Type: TABLE; Schema: public; Owner: torki
--

CREATE TABLE public.marketplace_sponsorshippayment (
    id bigint NOT NULL,
    amount numeric(10,2) NOT NULL,
    payment_type character varying(20) NOT NULL,
    created_at timestamp with time zone NOT NULL,
    transaction_id character varying(100) NOT NULL,
    sponsor_id bigint NOT NULL,
    sponsorship_id bigint NOT NULL
);


ALTER TABLE public.marketplace_sponsorshippayment OWNER TO torki;

--
-- Name: marketplace_sponsorshippayment_id_seq; Type: SEQUENCE; Schema: public; Owner: torki
--

ALTER TABLE public.marketplace_sponsorshippayment ALTER COLUMN id ADD GENERATED BY DEFAULT AS IDENTITY (
    SEQUENCE NAME public.marketplace_sponsorshippayment_id_seq
    START WITH 1
    INCREMENT BY 1
    NO MINVALUE
    NO MAXVALUE
    CACHE 1
);


--
-- Name: marketplace_userprofile; Type: TABLE; Schema: public; Owner: torki
--

CREATE TABLE public.marketplace_userprofile (
    id bigint NOT NULL,
    role character varying(20) NOT NULL,
    user_id integer NOT NULL,
    bio text
);


ALTER TABLE public.marketplace_userprofile OWNER TO torki;

--
-- Name: marketplace_userprofile_id_seq; Type: SEQUENCE; Schema: public; Owner: torki
--

ALTER TABLE public.marketplace_userprofile ALTER COLUMN id ADD GENERATED BY DEFAULT AS IDENTITY (
    SEQUENCE NAME public.marketplace_userprofile_id_seq
    START WITH 1
    INCREMENT BY 1
    NO MINVALUE
    NO MAXVALUE
    CACHE 1
);


--
-- Name: marketplace_weatheralert; Type: TABLE; Schema: public; Owner: torki
--

CREATE TABLE public.marketplace_weatheralert (
    id bigint NOT NULL,
    location character varying(100) NOT NULL,
    alert_type character varying(50) NOT NULL,
    description text NOT NULL,
    severity character varying(20) NOT NULL,
    created_at timestamp with time zone NOT NULL,
    is_sent boolean NOT NULL,
    sent_at timestamp with time zone
);


ALTER TABLE public.marketplace_weatheralert OWNER TO torki;

--
-- Name: marketplace_weatheralert_id_seq; Type: SEQUENCE; Schema: public; Owner: torki
--

ALTER TABLE public.marketplace_weatheralert ALTER COLUMN id ADD GENERATED BY DEFAULT AS IDENTITY (
    SEQUENCE NAME public.marketplace_weatheralert_id_seq
    START WITH 1
    INCREMENT BY 1
    NO MINVALUE
    NO MAXVALUE
    CACHE 1
);


--
-- Name: sms_service_buyer; Type: TABLE; Schema: public; Owner: torki
--

CREATE TABLE public.sms_service_buyer (
    id bigint NOT NULL,
    phone_number character varying(15) NOT NULL,
    location character varying(255) NOT NULL,
    profile_id bigint NOT NULL
);


ALTER TABLE public.sms_service_buyer OWNER TO torki;

--
-- Name: sms_service_buyer_id_seq; Type: SEQUENCE; Schema: public; Owner: torki
--

ALTER TABLE public.sms_service_buyer ALTER COLUMN id ADD GENERATED BY DEFAULT AS IDENTITY (
    SEQUENCE NAME public.sms_service_buyer_id_seq
    START WITH 1
    INCREMENT BY 1
    NO MINVALUE
    NO MAXVALUE
    CACHE 1
);


--
-- Name: sms_service_farmer; Type: TABLE; Schema: public; Owner: torki
--

CREATE TABLE public.sms_service_farmer (
    id bigint NOT NULL,
    phone_number character varying(15) NOT NULL,
    location character varying(255) NOT NULL,
    profile_picture character varying(100),
    cover_image character varying(100),
    profile_id bigint NOT NULL
);


ALTER TABLE public.sms_service_farmer OWNER TO torki;

--
-- Name: sms_service_farmer_id_seq; Type: SEQUENCE; Schema: public; Owner: torki
--

ALTER TABLE public.sms_service_farmer ALTER COLUMN id ADD GENERATED BY DEFAULT AS IDENTITY (
    SEQUENCE NAME public.sms_service_farmer_id_seq
    START WITH 1
    INCREMENT BY 1
    NO MINVALUE
    NO MAXVALUE
    CACHE 1
);


--
-- Name: sms_service_order; Type: TABLE; Schema: public; Owner: torki
--

CREATE TABLE public.sms_service_order (
    id bigint NOT NULL,
    quantity numeric(10,2) NOT NULL,
    unit_price numeric(10,2) NOT NULL,
    platform_fee numeric(10,2) NOT NULL,
    total_amount numeric(10,2) NOT NULL,
    delivery_location character varying(255) NOT NULL,
    delivery_notes text NOT NULL,
    status character varying(20) NOT NULL,
    created_at timestamp with time zone NOT NULL,
    buyer_id bigint NOT NULL,
    produce_id bigint NOT NULL
);


ALTER TABLE public.sms_service_order OWNER TO torki;

--
-- Name: sms_service_order_id_seq; Type: SEQUENCE; Schema: public; Owner: torki
--

ALTER TABLE public.sms_service_order ALTER COLUMN id ADD GENERATED BY DEFAULT AS IDENTITY (
    SEQUENCE NAME public.sms_service_order_id_seq
    START WITH 1
    INCREMENT BY 1
    NO MINVALUE
    NO MAXVALUE
    CACHE 1
);


--
-- Name: sms_service_priceupdate; Type: TABLE; Schema: public; Owner: torki
--

CREATE TABLE public.sms_service_priceupdate (
    id bigint NOT NULL,
    location character varying(100) NOT NULL,
    price numeric(10,2) NOT NULL,
    unit character varying(10) NOT NULL,
    source character varying(100) NOT NULL,
    created_at timestamp with time zone NOT NULL,
    is_sent boolean NOT NULL,
    sent_at timestamp with time zone,
    produce_category_id bigint NOT NULL
);


ALTER TABLE public.sms_service_priceupdate OWNER TO torki;

--
-- Name: sms_service_priceupdate_id_seq; Type: SEQUENCE; Schema: public; Owner: torki
--

ALTER TABLE public.sms_service_priceupdate ALTER COLUMN id ADD GENERATED BY DEFAULT AS IDENTITY (
    SEQUENCE NAME public.sms_service_priceupdate_id_seq
    START WITH 1
    INCREMENT BY 1
    NO MINVALUE
    NO MAXVALUE
    CACHE 1
);


--
-- Name: sms_service_produce; Type: TABLE; Schema: public; Owner: torki
--

CREATE TABLE public.sms_service_produce (
    id bigint NOT NULL,
    title character varying(200) NOT NULL,
    description text NOT NULL,
    price_per_unit numeric(10,2) NOT NULL,
    unit character varying(50) NOT NULL,
    quantity numeric(10,2) NOT NULL,
    location character varying(255) NOT NULL,
    is_available boolean NOT NULL,
    created_at timestamp with time zone NOT NULL,
    updated_at timestamp with time zone NOT NULL,
    category_id bigint NOT NULL,
    farmer_id bigint NOT NULL
);


ALTER TABLE public.sms_service_produce OWNER TO torki;

--
-- Name: sms_service_produce_id_seq; Type: SEQUENCE; Schema: public; Owner: torki
--

ALTER TABLE public.sms_service_produce ALTER COLUMN id ADD GENERATED BY DEFAULT AS IDENTITY (
    SEQUENCE NAME public.sms_service_produce_id_seq
    START WITH 1
    INCREMENT BY 1
    NO MINVALUE
    NO MAXVALUE
    CACHE 1
);


--
-- Name: sms_service_producecategory; Type: TABLE; Schema: public; Owner: torki
--

CREATE TABLE public.sms_service_producecategory (
    id bigint NOT NULL,
    name character varying(100) NOT NULL,
    description text NOT NULL
);


ALTER TABLE public.sms_service_producecategory OWNER TO torki;

--
-- Name: sms_service_producecategory_id_seq; Type: SEQUENCE; Schema: public; Owner: torki
--

ALTER TABLE public.sms_service_producecategory ALTER COLUMN id ADD GENERATED BY DEFAULT AS IDENTITY (
    SEQUENCE NAME public.sms_service_producecategory_id_seq
    START WITH 1
    INCREMENT BY 1
    NO MINVALUE
    NO MAXVALUE
    CACHE 1
);


--
-- Name: sms_service_rating; Type: TABLE; Schema: public; Owner: torki
--

CREATE TABLE public.sms_service_rating (
    id bigint NOT NULL,
    rating integer NOT NULL,
    comment text NOT NULL,
    created_at timestamp with time zone NOT NULL,
    buyer_id bigint,
    farmer_id bigint NOT NULL
);


ALTER TABLE public.sms_service_rating OWNER TO torki;

--
-- Name: sms_service_rating_id_seq; Type: SEQUENCE; Schema: public; Owner: torki
--

ALTER TABLE public.sms_service_rating ALTER COLUMN id ADD GENERATED BY DEFAULT AS IDENTITY (
    SEQUENCE NAME public.sms_service_rating_id_seq
    START WITH 1
    INCREMENT BY 1
    NO MINVALUE
    NO MAXVALUE
    CACHE 1
);


--
-- Name: sms_service_smsmessage; Type: TABLE; Schema: public; Owner: torki
--

CREATE TABLE public.sms_service_smsmessage (
    id bigint NOT NULL,
    recipient_number character varying(15) NOT NULL,
    message_content text NOT NULL,
    message_type character varying(10) NOT NULL,
    sent_at timestamp with time zone NOT NULL,
    status character varying(20) NOT NULL,
    twilio_sid character varying(50),
    buyer_id bigint,
    farmer_id bigint,
    related_order_id bigint,
    related_produce_id bigint
);


ALTER TABLE public.sms_service_smsmessage OWNER TO torki;

--
-- Name: sms_service_smsmessage_id_seq; Type: SEQUENCE; Schema: public; Owner: torki
--

ALTER TABLE public.sms_service_smsmessage ALTER COLUMN id ADD GENERATED BY DEFAULT AS IDENTITY (
    SEQUENCE NAME public.sms_service_smsmessage_id_seq
    START WITH 1
    INCREMENT BY 1
    NO MINVALUE
    NO MAXVALUE
    CACHE 1
);


--
-- Name: sms_service_smssubscription; Type: TABLE; Schema: public; Owner: torki
--

CREATE TABLE public.sms_service_smssubscription (
    id bigint NOT NULL,
    subscription_type character varying(10) NOT NULL,
    is_active boolean NOT NULL,
    created_at timestamp with time zone NOT NULL,
    updated_at timestamp with time zone NOT NULL,
    buyer_id bigint,
    farmer_id bigint
);


ALTER TABLE public.sms_service_smssubscription OWNER TO torki;

--
-- Name: sms_service_smssubscription_id_seq; Type: SEQUENCE; Schema: public; Owner: torki
--

ALTER TABLE public.sms_service_smssubscription ALTER COLUMN id ADD GENERATED BY DEFAULT AS IDENTITY (
    SEQUENCE NAME public.sms_service_smssubscription_id_seq
    START WITH 1
    INCREMENT BY 1
    NO MINVALUE
    NO MAXVALUE
    CACHE 1
);


--
-- Name: sms_service_smstemplate; Type: TABLE; Schema: public; Owner: torki
--

CREATE TABLE public.sms_service_smstemplate (
    id bigint NOT NULL,
    name character varying(50) NOT NULL,
    template_text text NOT NULL,
    description text NOT NULL,
    message_type character varying(10) NOT NULL,
    created_at timestamp with time zone NOT NULL,
    updated_at timestamp with time zone NOT NULL
);


ALTER TABLE public.sms_service_smstemplate OWNER TO torki;

--
-- Name: sms_service_smstemplate_id_seq; Type: SEQUENCE; Schema: public; Owner: torki
--

ALTER TABLE public.sms_service_smstemplate ALTER COLUMN id ADD GENERATED BY DEFAULT AS IDENTITY (
    SEQUENCE NAME public.sms_service_smstemplate_id_seq
    START WITH 1
    INCREMENT BY 1
    NO MINVALUE
    NO MAXVALUE
    CACHE 1
);


--
-- Name: sms_service_sponsor; Type: TABLE; Schema: public; Owner: torki
--

CREATE TABLE public.sms_service_sponsor (
    id bigint NOT NULL,
    phone_number character varying(15) NOT NULL,
    organization character varying(255) NOT NULL,
    profile_id bigint NOT NULL
);


ALTER TABLE public.sms_service_sponsor OWNER TO torki;

--
-- Name: sms_service_sponsor_id_seq; Type: SEQUENCE; Schema: public; Owner: torki
--

ALTER TABLE public.sms_service_sponsor ALTER COLUMN id ADD GENERATED BY DEFAULT AS IDENTITY (
    SEQUENCE NAME public.sms_service_sponsor_id_seq
    START WITH 1
    INCREMENT BY 1
    NO MINVALUE
    NO MAXVALUE
    CACHE 1
);


--
-- Name: sms_service_sponsorship; Type: TABLE; Schema: public; Owner: torki
--

CREATE TABLE public.sms_service_sponsorship (
    id bigint NOT NULL,
    title character varying(200) NOT NULL,
    description text NOT NULL,
    amount_requested numeric(10,2) NOT NULL,
    expected_yield numeric(10,2) NOT NULL,
    status character varying(20) NOT NULL,
    created_at timestamp with time zone NOT NULL,
    farmer_id bigint NOT NULL,
    sponsor_id bigint
);


ALTER TABLE public.sms_service_sponsorship OWNER TO torki;

--
-- Name: sms_service_sponsorship_id_seq; Type: SEQUENCE; Schema: public; Owner: torki
--

ALTER TABLE public.sms_service_sponsorship ALTER COLUMN id ADD GENERATED BY DEFAULT AS IDENTITY (
    SEQUENCE NAME public.sms_service_sponsorship_id_seq
    START WITH 1
    INCREMENT BY 1
    NO MINVALUE
    NO MAXVALUE
    CACHE 1
);


--
-- Name: sms_service_sponsorshipmilestone; Type: TABLE; Schema: public; Owner: torki
--

CREATE TABLE public.sms_service_sponsorshipmilestone (
    id bigint NOT NULL,
    title character varying(200) NOT NULL,
    description text NOT NULL,
    due_date date NOT NULL,
    status character varying(20) NOT NULL,
    verification_notes text NOT NULL,
    sponsorship_id bigint NOT NULL
);


ALTER TABLE public.sms_service_sponsorshipmilestone OWNER TO torki;

--
-- Name: sms_service_sponsorshipmilestone_id_seq; Type: SEQUENCE; Schema: public; Owner: torki
--

ALTER TABLE public.sms_service_sponsorshipmilestone ALTER COLUMN id ADD GENERATED BY DEFAULT AS IDENTITY (
    SEQUENCE NAME public.sms_service_sponsorshipmilestone_id_seq
    START WITH 1
    INCREMENT BY 1
    NO MINVALUE
    NO MAXVALUE
    CACHE 1
);


--
-- Name: sms_service_sponsorshippayment; Type: TABLE; Schema: public; Owner: torki
--

CREATE TABLE public.sms_service_sponsorshippayment (
    id bigint NOT NULL,
    amount numeric(10,2) NOT NULL,
    payment_type character varying(20) NOT NULL,
    transaction_id character varying(100) NOT NULL,
    created_at timestamp with time zone NOT NULL,
    sponsor_id bigint NOT NULL,
    sponsorship_id bigint NOT NULL
);


ALTER TABLE public.sms_service_sponsorshippayment OWNER TO torki;

--
-- Name: sms_service_sponsorshippayment_id_seq; Type: SEQUENCE; Schema: public; Owner: torki
--

ALTER TABLE public.sms_service_sponsorshippayment ALTER COLUMN id ADD GENERATED BY DEFAULT AS IDENTITY (
    SEQUENCE NAME public.sms_service_sponsorshippayment_id_seq
    START WITH 1
    INCREMENT BY 1
    NO MINVALUE
    NO MAXVALUE
    CACHE 1
);


--
-- Name: sms_service_userprofile; Type: TABLE; Schema: public; Owner: torki
--

CREATE TABLE public.sms_service_userprofile (
    id bigint NOT NULL,
    role character varying(20) NOT NULL,
    bio text,
    user_id integer NOT NULL
);


ALTER TABLE public.sms_service_userprofile OWNER TO torki;

--
-- Name: sms_service_userprofile_id_seq; Type: SEQUENCE; Schema: public; Owner: torki
--

ALTER TABLE public.sms_service_userprofile ALTER COLUMN id ADD GENERATED BY DEFAULT AS IDENTITY (
    SEQUENCE NAME public.sms_service_userprofile_id_seq
    START WITH 1
    INCREMENT BY 1
    NO MINVALUE
    NO MAXVALUE
    CACHE 1
);


--
-- Name: sms_service_weatheralert; Type: TABLE; Schema: public; Owner: torki
--

CREATE TABLE public.sms_service_weatheralert (
    id bigint NOT NULL,
    location character varying(100) NOT NULL,
    alert_type character varying(50) NOT NULL,
    description text NOT NULL,
    severity character varying(20) NOT NULL,
    created_at timestamp with time zone NOT NULL,
    is_sent boolean NOT NULL,
    sent_at timestamp with time zone
);


ALTER TABLE public.sms_service_weatheralert OWNER TO torki;

--
-- Name: sms_service_weatheralert_id_seq; Type: SEQUENCE; Schema: public; Owner: torki
--

ALTER TABLE public.sms_service_weatheralert ALTER COLUMN id ADD GENERATED BY DEFAULT AS IDENTITY (
    SEQUENCE NAME public.sms_service_weatheralert_id_seq
    START WITH 1
    INCREMENT BY 1
    NO MINVALUE
    NO MAXVALUE
    CACHE 1
);


--
-- Data for Name: auth_group; Type: TABLE DATA; Schema: public; Owner: torki
--

COPY public.auth_group (id, name) FROM stdin;
\.


--
-- Data for Name: auth_group_permissions; Type: TABLE DATA; Schema: public; Owner: torki
--

COPY public.auth_group_permissions (id, group_id, permission_id) FROM stdin;
\.


--
-- Data for Name: auth_permission; Type: TABLE DATA; Schema: public; Owner: torki
--

COPY public.auth_permission (id, name, content_type_id, codename) FROM stdin;
1	Can add log entry	1	add_logentry
2	Can change log entry	1	change_logentry
3	Can delete log entry	1	delete_logentry
4	Can view log entry	1	view_logentry
5	Can add permission	2	add_permission
6	Can change permission	2	change_permission
7	Can delete permission	2	delete_permission
8	Can view permission	2	view_permission
9	Can add group	3	add_group
10	Can change group	3	change_group
11	Can delete group	3	delete_group
12	Can view group	3	view_group
13	Can add user	4	add_user
14	Can change user	4	change_user
15	Can delete user	4	delete_user
16	Can view user	4	view_user
17	Can add content type	5	add_contenttype
18	Can change content type	5	change_contenttype
19	Can delete content type	5	delete_contenttype
20	Can view content type	5	view_contenttype
21	Can add session	6	add_session
22	Can change session	6	change_session
23	Can delete session	6	delete_session
24	Can view session	6	view_session
25	Can add buyer	7	add_buyer
26	Can change buyer	7	change_buyer
27	Can delete buyer	7	delete_buyer
28	Can view buyer	7	view_buyer
29	Can add farmer	8	add_farmer
30	Can change farmer	8	change_farmer
31	Can delete farmer	8	delete_farmer
32	Can view farmer	8	view_farmer
33	Can add produce category	9	add_producecategory
34	Can change produce category	9	change_producecategory
35	Can delete produce category	9	delete_producecategory
36	Can view produce category	9	view_producecategory
37	Can add sponsor	10	add_sponsor
38	Can change sponsor	10	change_sponsor
39	Can delete sponsor	10	delete_sponsor
40	Can view sponsor	10	view_sponsor
41	Can add produce	11	add_produce
42	Can change produce	11	change_produce
43	Can delete produce	11	delete_produce
44	Can view produce	11	view_produce
45	Can add order	12	add_order
46	Can change order	12	change_order
47	Can delete order	12	delete_order
48	Can view order	12	view_order
49	Can add rating	13	add_rating
50	Can change rating	13	change_rating
51	Can delete rating	13	delete_rating
52	Can view rating	13	view_rating
53	Can add sponsorship	14	add_sponsorship
54	Can change sponsorship	14	change_sponsorship
55	Can delete sponsorship	14	delete_sponsorship
56	Can view sponsorship	14	view_sponsorship
57	Can add sponsorship milestone	15	add_sponsorshipmilestone
58	Can change sponsorship milestone	15	change_sponsorshipmilestone
59	Can delete sponsorship milestone	15	delete_sponsorshipmilestone
60	Can view sponsorship milestone	15	view_sponsorshipmilestone
61	Can add sponsorship payment	16	add_sponsorshippayment
62	Can change sponsorship payment	16	change_sponsorshippayment
63	Can delete sponsorship payment	16	delete_sponsorshippayment
64	Can view sponsorship payment	16	view_sponsorshippayment
65	Can add user profile	17	add_userprofile
66	Can change user profile	17	change_userprofile
67	Can delete user profile	17	delete_userprofile
68	Can view user profile	17	view_userprofile
69	Can add sms template	18	add_smstemplate
70	Can change sms template	18	change_smstemplate
71	Can delete sms template	18	delete_smstemplate
72	Can view sms template	18	view_smstemplate
73	Can add weather alert	19	add_weatheralert
74	Can change weather alert	19	change_weatheralert
75	Can delete weather alert	19	delete_weatheralert
76	Can view weather alert	19	view_weatheralert
77	Can add price update	20	add_priceupdate
78	Can change price update	20	change_priceupdate
79	Can delete price update	20	delete_priceupdate
80	Can view price update	20	view_priceupdate
81	Can add sms message	21	add_smsmessage
82	Can change sms message	21	change_smsmessage
83	Can delete sms message	21	delete_smsmessage
84	Can view sms message	21	view_smsmessage
85	Can add sms subscription	22	add_smssubscription
86	Can change sms subscription	22	change_smssubscription
87	Can delete sms subscription	22	delete_smssubscription
88	Can view sms subscription	22	view_smssubscription
89	Can add sms template	23	add_smstemplate
90	Can change sms template	23	change_smstemplate
91	Can delete sms template	23	delete_smstemplate
92	Can view sms template	23	view_smstemplate
93	Can add weather alert	24	add_weatheralert
94	Can change weather alert	24	change_weatheralert
95	Can delete weather alert	24	delete_weatheralert
96	Can view weather alert	24	view_weatheralert
97	Can add sms message	25	add_smsmessage
98	Can change sms message	25	change_smsmessage
99	Can delete sms message	25	delete_smsmessage
100	Can view sms message	25	view_smsmessage
101	Can add price update	26	add_priceupdate
102	Can change price update	26	change_priceupdate
103	Can delete price update	26	delete_priceupdate
104	Can view price update	26	view_priceupdate
105	Can add sms subscription	27	add_smssubscription
106	Can change sms subscription	27	change_smssubscription
107	Can delete sms subscription	27	delete_smssubscription
108	Can view sms subscription	27	view_smssubscription
109	Can add buyer	28	add_buyer
110	Can change buyer	28	change_buyer
111	Can delete buyer	28	delete_buyer
112	Can view buyer	28	view_buyer
113	Can add farmer	29	add_farmer
114	Can change farmer	29	change_farmer
115	Can delete farmer	29	delete_farmer
116	Can view farmer	29	view_farmer
117	Can add produce category	30	add_producecategory
118	Can change produce category	30	change_producecategory
119	Can delete produce category	30	delete_producecategory
120	Can view produce category	30	view_producecategory
121	Can add sponsor	31	add_sponsor
122	Can change sponsor	31	change_sponsor
123	Can delete sponsor	31	delete_sponsor
124	Can view sponsor	31	view_sponsor
125	Can add sponsorship	32	add_sponsorship
126	Can change sponsorship	32	change_sponsorship
127	Can delete sponsorship	32	delete_sponsorship
128	Can view sponsorship	32	view_sponsorship
129	Can add user profile	33	add_userprofile
130	Can change user profile	33	change_userprofile
131	Can delete user profile	33	delete_userprofile
132	Can view user profile	33	view_userprofile
133	Can add sponsorship payment	34	add_sponsorshippayment
134	Can change sponsorship payment	34	change_sponsorshippayment
135	Can delete sponsorship payment	34	delete_sponsorshippayment
136	Can view sponsorship payment	34	view_sponsorshippayment
137	Can add sponsorship milestone	35	add_sponsorshipmilestone
138	Can change sponsorship milestone	35	change_sponsorshipmilestone
139	Can delete sponsorship milestone	35	delete_sponsorshipmilestone
140	Can view sponsorship milestone	35	view_sponsorshipmilestone
141	Can add rating	36	add_rating
142	Can change rating	36	change_rating
143	Can delete rating	36	delete_rating
144	Can view rating	36	view_rating
145	Can add produce	37	add_produce
146	Can change produce	37	change_produce
147	Can delete produce	37	delete_produce
148	Can view produce	37	view_produce
149	Can add order	38	add_order
150	Can change order	38	change_order
151	Can delete order	38	delete_order
152	Can view order	38	view_order
\.


--
-- Data for Name: auth_user; Type: TABLE DATA; Schema: public; Owner: torki
--

COPY public.auth_user (id, password, last_login, is_superuser, username, first_name, last_name, email, is_staff, is_active, date_joined) FROM stdin;
1	pbkdf2_sha256$600000$92oGAdg4tTMHkctdJ2HzL2$xgHGLS1i2JB+z0D1CdTF5piEwU8qRFPpayNYuO0SViU=	2025-04-07 13:37:18.109549+02	f	salah	salah	rezgui	rezgi@gmail.com	f	t	2025-04-07 13:37:17.724074+02
2	pbkdf2_sha256$600000$ZZSjBUc1wo4zTh4STBfM5M$SpKdw3x5/+kqpKxp5tljvu21bfPbpOQsF305l5/M0/4=	\N	f	default_sponsor	Default	Sponsor		f	t	2025-04-08 11:00:11.726213+02
4	pbkdf2_sha256$600000$JA3WL3ikC1i2yNfdlUSKH4$GaupZ7IYnq9ZF666UF5fS7fYyi+zGmlZOBeN4XUkRI4=	2025-04-08 13:03:41.715716+02	f	farid	farid	farid		f	t	2025-04-08 13:03:41.480057+02
5	pbkdf2_sha256$600000$Nn4toLlHX4YjDADOvANzRN$u9nJ5idOYiFkg2IWG8IC5geJh6AuM2oAiTrOGg/t3MQ=	2025-04-08 13:29:40.318259+02	f	hasni	walid	hasni		f	t	2025-04-08 13:29:39.960402+02
3	pbkdf2_sha256$600000$mQijKGt8ybY6Ub4vaY01u2$K8+wfOJcQrLogoz7fxaZOVD7QiVFEPwHtIzPG9cDG9M=	2025-04-08 17:02:05.679204+02	f	hedi	hedi	ben mohamed	benmohamed@gmail.com	f	t	2025-04-08 12:41:34.21931+02
\.


--
-- Data for Name: auth_user_groups; Type: TABLE DATA; Schema: public; Owner: torki
--

COPY public.auth_user_groups (id, user_id, group_id) FROM stdin;
\.


--
-- Data for Name: auth_user_user_permissions; Type: TABLE DATA; Schema: public; Owner: torki
--

COPY public.auth_user_user_permissions (id, user_id, permission_id) FROM stdin;
\.


--
-- Data for Name: django_admin_log; Type: TABLE DATA; Schema: public; Owner: torki
--

COPY public.django_admin_log (id, action_time, object_id, object_repr, action_flag, change_message, content_type_id, user_id) FROM stdin;
\.


--
-- Data for Name: django_content_type; Type: TABLE DATA; Schema: public; Owner: torki
--

COPY public.django_content_type (id, app_label, model) FROM stdin;
1	admin	logentry
2	auth	permission
3	auth	group
4	auth	user
5	contenttypes	contenttype
6	sessions	session
7	marketplace	buyer
8	marketplace	farmer
9	marketplace	producecategory
10	marketplace	sponsor
11	marketplace	produce
12	marketplace	order
13	marketplace	rating
14	marketplace	sponsorship
15	marketplace	sponsorshipmilestone
16	marketplace	sponsorshippayment
17	marketplace	userprofile
18	sms_service	smstemplate
19	sms_service	weatheralert
20	sms_service	priceupdate
21	sms_service	smsmessage
22	sms_service	smssubscription
23	marketplace	smstemplate
24	marketplace	weatheralert
25	marketplace	smsmessage
26	marketplace	priceupdate
27	marketplace	smssubscription
28	sms_service	buyer
29	sms_service	farmer
30	sms_service	producecategory
31	sms_service	sponsor
32	sms_service	sponsorship
33	sms_service	userprofile
34	sms_service	sponsorshippayment
35	sms_service	sponsorshipmilestone
36	sms_service	rating
37	sms_service	produce
38	sms_service	order
\.


--
-- Data for Name: django_migrations; Type: TABLE DATA; Schema: public; Owner: torki
--

COPY public.django_migrations (id, app, name, applied) FROM stdin;
1	contenttypes	0001_initial	2025-04-05 14:03:30.708253+02
2	auth	0001_initial	2025-04-05 14:03:30.802593+02
3	admin	0001_initial	2025-04-05 14:03:30.827133+02
4	admin	0002_logentry_remove_auto_add	2025-04-05 14:03:30.832441+02
5	admin	0003_logentry_add_action_flag_choices	2025-04-05 14:03:30.841443+02
6	contenttypes	0002_remove_content_type_name	2025-04-05 14:03:30.857454+02
7	auth	0002_alter_permission_name_max_length	2025-04-05 14:03:30.868897+02
8	auth	0003_alter_user_email_max_length	2025-04-05 14:03:30.880131+02
9	auth	0004_alter_user_username_opts	2025-04-05 14:03:30.88813+02
10	auth	0005_alter_user_last_login_null	2025-04-05 14:03:30.896896+02
11	auth	0006_require_contenttypes_0002	2025-04-05 14:03:30.899911+02
12	auth	0007_alter_validators_add_error_messages	2025-04-05 14:03:30.906897+02
13	auth	0008_alter_user_username_max_length	2025-04-05 14:03:30.934837+02
14	auth	0009_alter_user_last_name_max_length	2025-04-05 14:03:30.945622+02
15	auth	0010_alter_group_name_max_length	2025-04-05 14:03:30.954628+02
16	auth	0011_update_proxy_permissions	2025-04-05 14:03:30.965281+02
17	auth	0012_alter_user_first_name_max_length	2025-04-05 14:03:30.975296+02
18	marketplace	0001_initial	2025-04-05 14:03:31.314774+02
19	marketplace	000X_add_crop_categories	2025-04-05 14:03:31.362475+02
20	sessions	0001_initial	2025-04-05 14:03:31.391688+02
22	marketplace	0001_smstemplate_weatheralert_and_more	2025-04-08 11:26:07.687138+02
23	sms_service	0002_buyer_farmer_producecategory_sponsor_sponsorship_and_more	2025-04-08 11:26:08.317925+02
25	sms_service	0001_initial	2025-04-08 17:00:28.247425+02
\.


--
-- Data for Name: django_session; Type: TABLE DATA; Schema: public; Owner: torki
--

COPY public.django_session (session_key, session_data, expire_date) FROM stdin;
ul3ujoydfmjrejt6lrxkffnw2ytw6gl2	.eJxVjMsOwiAUBf-FtSFQhIJL934DudyHVE2blHZl_HfbpAvdnpk5b5VhXWpeG895IHVRTp1-twL45HEH9IDxPmmcxmUeit4VfdCmbxPx63q4fwcVWt3qaIwT7ICZLEdLMTr2KRF57PoOBVmsSUJkrUAJckafekcBwyYjiPp8AQhGOTA:1u27H4:28d0wnmFpcB1bdplu8AH8YxraS4AnrTnbiTDIjxOqeo	2025-04-22 13:37:50.046239+02
t2xigzn9htw6k5p3zmk3ju3q71fzfetp	e30:1u29qI:7lUJuNHO0BOxICwNA5TLzPdY3oSQ5VxBnf3iSlotXsw	2025-04-22 16:22:22.736783+02
tfi3x5vejz3qzjxbo88ctf1vw2qee850	e30:1u2ABJ:jESVkxo4S2RtIk784gdLz6Jm7SNjrrKwbgD9h6HHt1I	2025-04-22 16:44:05.325684+02
7hl5th0mckmf95q47fv7kv4j2ja6clzu	e30:1u2ASj:_ilKtSRWYEOAb3zm2g4ceTYLI3SAhdHJ9mfsKW-Wvn4	2025-04-22 17:02:05.673625+02
\.


--
-- Data for Name: marketplace_buyer; Type: TABLE DATA; Schema: public; Owner: torki
--

COPY public.marketplace_buyer (id, phone_number, location, profile_id) FROM stdin;
1	12345678	route soukra KM1	3
\.


--
-- Data for Name: marketplace_farmer; Type: TABLE DATA; Schema: public; Owner: torki
--

COPY public.marketplace_farmer (id, phone_number, location, profile_id, cover_image, profile_picture) FROM stdin;
1	12345678	Rue mosque erraoudha	1	\N	\N
2	12345678	Rue mosque erraoudha	2		
\.


--
-- Data for Name: marketplace_order; Type: TABLE DATA; Schema: public; Owner: torki
--

COPY public.marketplace_order (id, quantity, unit_price, platform_fee, total_amount, status, delivery_location, delivery_notes, created_at, buyer_id, produce_id) FROM stdin;
\.


--
-- Data for Name: marketplace_priceupdate; Type: TABLE DATA; Schema: public; Owner: torki
--

COPY public.marketplace_priceupdate (id, location, price, unit, source, created_at, is_sent, sent_at, produce_category_id) FROM stdin;
\.


--
-- Data for Name: marketplace_produce; Type: TABLE DATA; Schema: public; Owner: torki
--

COPY public.marketplace_produce (id, title, description, quantity, unit, price_per_unit, location, is_available, created_at, updated_at, farmer_id, category_id) FROM stdin;
2	potatoes		1000.00	kg	2000.00	ariana	t	2025-04-07 20:23:46.167386+02	2025-04-07 20:23:46.167386+02	1	3
3	tomatos		220.00	kg	1500.00	ariana	t	2025-04-07 20:26:36.639878+02	2025-04-07 20:26:36.639878+02	1	3
\.


--
-- Data for Name: marketplace_producecategory; Type: TABLE DATA; Schema: public; Owner: torki
--

COPY public.marketplace_producecategory (id, name, description) FROM stdin;
1	Cereals	
2	Legumes	
3	Vegetables	
4	Fruits	
5	Oilseeds	
6	Root Crops	
7	Herbs and Spices	
8	Nuts	
9	Fodder Crops	
10	Industrial Crops	
\.


--
-- Data for Name: marketplace_rating; Type: TABLE DATA; Schema: public; Owner: torki
--

COPY public.marketplace_rating (id, comment, created_at, buyer_id, farmer_id, rating) FROM stdin;
\.


--
-- Data for Name: marketplace_smsmessage; Type: TABLE DATA; Schema: public; Owner: torki
--

COPY public.marketplace_smsmessage (id, recipient_number, message_content, message_type, sent_at, status, twilio_sid, buyer_id, farmer_id, related_order_id, related_produce_id) FROM stdin;
\.


--
-- Data for Name: marketplace_smssubscription; Type: TABLE DATA; Schema: public; Owner: torki
--

COPY public.marketplace_smssubscription (id, subscription_type, is_active, created_at, updated_at, buyer_id, farmer_id) FROM stdin;
\.


--
-- Data for Name: marketplace_smstemplate; Type: TABLE DATA; Schema: public; Owner: torki
--

COPY public.marketplace_smstemplate (id, name, template_text, description, message_type, created_at, updated_at) FROM stdin;
\.


--
-- Data for Name: marketplace_sponsor; Type: TABLE DATA; Schema: public; Owner: torki
--

COPY public.marketplace_sponsor (id, phone_number, organization, profile_id) FROM stdin;
1	12345678	ariana	4
\.


--
-- Data for Name: marketplace_sponsorship; Type: TABLE DATA; Schema: public; Owner: torki
--

COPY public.marketplace_sponsorship (id, title, description, amount_requested, expected_yield, created_at, status, farmer_id, sponsor_id) FROM stdin;
\.


--
-- Data for Name: marketplace_sponsorshipmilestone; Type: TABLE DATA; Schema: public; Owner: torki
--

COPY public.marketplace_sponsorshipmilestone (id, title, description, due_date, status, verification_notes, sponsorship_id) FROM stdin;
\.


--
-- Data for Name: marketplace_sponsorshippayment; Type: TABLE DATA; Schema: public; Owner: torki
--

COPY public.marketplace_sponsorshippayment (id, amount, payment_type, created_at, transaction_id, sponsor_id, sponsorship_id) FROM stdin;
\.


--
-- Data for Name: marketplace_userprofile; Type: TABLE DATA; Schema: public; Owner: torki
--

COPY public.marketplace_userprofile (id, role, user_id, bio) FROM stdin;
1	farmer	1	\N
2	farmer	3	\N
3	buyer	4	\N
4	sponsor	5	\N
\.


--
-- Data for Name: marketplace_weatheralert; Type: TABLE DATA; Schema: public; Owner: torki
--

COPY public.marketplace_weatheralert (id, location, alert_type, description, severity, created_at, is_sent, sent_at) FROM stdin;
\.


--
-- Data for Name: sms_service_buyer; Type: TABLE DATA; Schema: public; Owner: torki
--

COPY public.sms_service_buyer (id, phone_number, location, profile_id) FROM stdin;
\.


--
-- Data for Name: sms_service_farmer; Type: TABLE DATA; Schema: public; Owner: torki
--

COPY public.sms_service_farmer (id, phone_number, location, profile_picture, cover_image, profile_id) FROM stdin;
\.


--
-- Data for Name: sms_service_order; Type: TABLE DATA; Schema: public; Owner: torki
--

COPY public.sms_service_order (id, quantity, unit_price, platform_fee, total_amount, delivery_location, delivery_notes, status, created_at, buyer_id, produce_id) FROM stdin;
\.


--
-- Data for Name: sms_service_priceupdate; Type: TABLE DATA; Schema: public; Owner: torki
--

COPY public.sms_service_priceupdate (id, location, price, unit, source, created_at, is_sent, sent_at, produce_category_id) FROM stdin;
\.


--
-- Data for Name: sms_service_produce; Type: TABLE DATA; Schema: public; Owner: torki
--

COPY public.sms_service_produce (id, title, description, price_per_unit, unit, quantity, location, is_available, created_at, updated_at, category_id, farmer_id) FROM stdin;
\.


--
-- Data for Name: sms_service_producecategory; Type: TABLE DATA; Schema: public; Owner: torki
--

COPY public.sms_service_producecategory (id, name, description) FROM stdin;
\.


--
-- Data for Name: sms_service_rating; Type: TABLE DATA; Schema: public; Owner: torki
--

COPY public.sms_service_rating (id, rating, comment, created_at, buyer_id, farmer_id) FROM stdin;
\.


--
-- Data for Name: sms_service_smsmessage; Type: TABLE DATA; Schema: public; Owner: torki
--

COPY public.sms_service_smsmessage (id, recipient_number, message_content, message_type, sent_at, status, twilio_sid, buyer_id, farmer_id, related_order_id, related_produce_id) FROM stdin;
\.


--
-- Data for Name: sms_service_smssubscription; Type: TABLE DATA; Schema: public; Owner: torki
--

COPY public.sms_service_smssubscription (id, subscription_type, is_active, created_at, updated_at, buyer_id, farmer_id) FROM stdin;
\.


--
-- Data for Name: sms_service_smstemplate; Type: TABLE DATA; Schema: public; Owner: torki
--

COPY public.sms_service_smstemplate (id, name, template_text, description, message_type, created_at, updated_at) FROM stdin;
\.


--
-- Data for Name: sms_service_sponsor; Type: TABLE DATA; Schema: public; Owner: torki
--

COPY public.sms_service_sponsor (id, phone_number, organization, profile_id) FROM stdin;
\.


--
-- Data for Name: sms_service_sponsorship; Type: TABLE DATA; Schema: public; Owner: torki
--

COPY public.sms_service_sponsorship (id, title, description, amount_requested, expected_yield, status, created_at, farmer_id, sponsor_id) FROM stdin;
\.


--
-- Data for Name: sms_service_sponsorshipmilestone; Type: TABLE DATA; Schema: public; Owner: torki
--

COPY public.sms_service_sponsorshipmilestone (id, title, description, due_date, status, verification_notes, sponsorship_id) FROM stdin;
\.


--
-- Data for Name: sms_service_sponsorshippayment; Type: TABLE DATA; Schema: public; Owner: torki
--

COPY public.sms_service_sponsorshippayment (id, amount, payment_type, transaction_id, created_at, sponsor_id, sponsorship_id) FROM stdin;
\.


--
-- Data for Name: sms_service_userprofile; Type: TABLE DATA; Schema: public; Owner: torki
--

COPY public.sms_service_userprofile (id, role, bio, user_id) FROM stdin;
\.


--
-- Data for Name: sms_service_weatheralert; Type: TABLE DATA; Schema: public; Owner: torki
--

COPY public.sms_service_weatheralert (id, location, alert_type, description, severity, created_at, is_sent, sent_at) FROM stdin;
\.


--
-- Name: auth_group_id_seq; Type: SEQUENCE SET; Schema: public; Owner: torki
--

SELECT pg_catalog.setval('public.auth_group_id_seq', 1, false);


--
-- Name: auth_group_permissions_id_seq; Type: SEQUENCE SET; Schema: public; Owner: torki
--

SELECT pg_catalog.setval('public.auth_group_permissions_id_seq', 1, false);


--
-- Name: auth_permission_id_seq; Type: SEQUENCE SET; Schema: public; Owner: torki
--

SELECT pg_catalog.setval('public.auth_permission_id_seq', 152, true);


--
-- Name: auth_user_groups_id_seq; Type: SEQUENCE SET; Schema: public; Owner: torki
--

SELECT pg_catalog.setval('public.auth_user_groups_id_seq', 1, false);


--
-- Name: auth_user_id_seq; Type: SEQUENCE SET; Schema: public; Owner: torki
--

SELECT pg_catalog.setval('public.auth_user_id_seq', 5, true);


--
-- Name: auth_user_user_permissions_id_seq; Type: SEQUENCE SET; Schema: public; Owner: torki
--

SELECT pg_catalog.setval('public.auth_user_user_permissions_id_seq', 1, false);


--
-- Name: django_admin_log_id_seq; Type: SEQUENCE SET; Schema: public; Owner: torki
--

SELECT pg_catalog.setval('public.django_admin_log_id_seq', 1, false);


--
-- Name: django_content_type_id_seq; Type: SEQUENCE SET; Schema: public; Owner: torki
--

SELECT pg_catalog.setval('public.django_content_type_id_seq', 38, true);


--
-- Name: django_migrations_id_seq; Type: SEQUENCE SET; Schema: public; Owner: torki
--

SELECT pg_catalog.setval('public.django_migrations_id_seq', 25, true);


--
-- Name: marketplace_buyer_id_seq; Type: SEQUENCE SET; Schema: public; Owner: torki
--

SELECT pg_catalog.setval('public.marketplace_buyer_id_seq', 1, true);


--
-- Name: marketplace_farmer_id_seq; Type: SEQUENCE SET; Schema: public; Owner: torki
--

SELECT pg_catalog.setval('public.marketplace_farmer_id_seq', 2, true);


--
-- Name: marketplace_order_id_seq; Type: SEQUENCE SET; Schema: public; Owner: torki
--

SELECT pg_catalog.setval('public.marketplace_order_id_seq', 1, false);


--
-- Name: marketplace_priceupdate_id_seq; Type: SEQUENCE SET; Schema: public; Owner: torki
--

SELECT pg_catalog.setval('public.marketplace_priceupdate_id_seq', 1, false);


--
-- Name: marketplace_produce_id_seq; Type: SEQUENCE SET; Schema: public; Owner: torki
--

SELECT pg_catalog.setval('public.marketplace_produce_id_seq', 3, true);


--
-- Name: marketplace_producecategory_id_seq; Type: SEQUENCE SET; Schema: public; Owner: torki
--

SELECT pg_catalog.setval('public.marketplace_producecategory_id_seq', 10, true);


--
-- Name: marketplace_rating_id_seq; Type: SEQUENCE SET; Schema: public; Owner: torki
--

SELECT pg_catalog.setval('public.marketplace_rating_id_seq', 1, false);


--
-- Name: marketplace_smsmessage_id_seq; Type: SEQUENCE SET; Schema: public; Owner: torki
--

SELECT pg_catalog.setval('public.marketplace_smsmessage_id_seq', 1, false);


--
-- Name: marketplace_smssubscription_id_seq; Type: SEQUENCE SET; Schema: public; Owner: torki
--

SELECT pg_catalog.setval('public.marketplace_smssubscription_id_seq', 1, false);


--
-- Name: marketplace_smstemplate_id_seq; Type: SEQUENCE SET; Schema: public; Owner: torki
--

SELECT pg_catalog.setval('public.marketplace_smstemplate_id_seq', 1, false);


--
-- Name: marketplace_sponsor_id_seq; Type: SEQUENCE SET; Schema: public; Owner: torki
--

SELECT pg_catalog.setval('public.marketplace_sponsor_id_seq', 1, true);


--
-- Name: marketplace_sponsorship_id_seq; Type: SEQUENCE SET; Schema: public; Owner: torki
--

SELECT pg_catalog.setval('public.marketplace_sponsorship_id_seq', 1, false);


--
-- Name: marketplace_sponsorshipmilestone_id_seq; Type: SEQUENCE SET; Schema: public; Owner: torki
--

SELECT pg_catalog.setval('public.marketplace_sponsorshipmilestone_id_seq', 1, false);


--
-- Name: marketplace_sponsorshippayment_id_seq; Type: SEQUENCE SET; Schema: public; Owner: torki
--

SELECT pg_catalog.setval('public.marketplace_sponsorshippayment_id_seq', 1, false);


--
-- Name: marketplace_userprofile_id_seq; Type: SEQUENCE SET; Schema: public; Owner: torki
--

SELECT pg_catalog.setval('public.marketplace_userprofile_id_seq', 4, true);


--
-- Name: marketplace_weatheralert_id_seq; Type: SEQUENCE SET; Schema: public; Owner: torki
--

SELECT pg_catalog.setval('public.marketplace_weatheralert_id_seq', 1, false);


--
-- Name: sms_service_buyer_id_seq; Type: SEQUENCE SET; Schema: public; Owner: torki
--

SELECT pg_catalog.setval('public.sms_service_buyer_id_seq', 1, false);


--
-- Name: sms_service_farmer_id_seq; Type: SEQUENCE SET; Schema: public; Owner: torki
--

SELECT pg_catalog.setval('public.sms_service_farmer_id_seq', 1, false);


--
-- Name: sms_service_order_id_seq; Type: SEQUENCE SET; Schema: public; Owner: torki
--

SELECT pg_catalog.setval('public.sms_service_order_id_seq', 1, false);


--
-- Name: sms_service_priceupdate_id_seq; Type: SEQUENCE SET; Schema: public; Owner: torki
--

SELECT pg_catalog.setval('public.sms_service_priceupdate_id_seq', 1, false);


--
-- Name: sms_service_produce_id_seq; Type: SEQUENCE SET; Schema: public; Owner: torki
--

SELECT pg_catalog.setval('public.sms_service_produce_id_seq', 1, false);


--
-- Name: sms_service_producecategory_id_seq; Type: SEQUENCE SET; Schema: public; Owner: torki
--

SELECT pg_catalog.setval('public.sms_service_producecategory_id_seq', 1, false);


--
-- Name: sms_service_rating_id_seq; Type: SEQUENCE SET; Schema: public; Owner: torki
--

SELECT pg_catalog.setval('public.sms_service_rating_id_seq', 1, false);


--
-- Name: sms_service_smsmessage_id_seq; Type: SEQUENCE SET; Schema: public; Owner: torki
--

SELECT pg_catalog.setval('public.sms_service_smsmessage_id_seq', 1, false);


--
-- Name: sms_service_smssubscription_id_seq; Type: SEQUENCE SET; Schema: public; Owner: torki
--

SELECT pg_catalog.setval('public.sms_service_smssubscription_id_seq', 1, false);


--
-- Name: sms_service_smstemplate_id_seq; Type: SEQUENCE SET; Schema: public; Owner: torki
--

SELECT pg_catalog.setval('public.sms_service_smstemplate_id_seq', 1, false);


--
-- Name: sms_service_sponsor_id_seq; Type: SEQUENCE SET; Schema: public; Owner: torki
--

SELECT pg_catalog.setval('public.sms_service_sponsor_id_seq', 1, false);


--
-- Name: sms_service_sponsorship_id_seq; Type: SEQUENCE SET; Schema: public; Owner: torki
--

SELECT pg_catalog.setval('public.sms_service_sponsorship_id_seq', 1, false);


--
-- Name: sms_service_sponsorshipmilestone_id_seq; Type: SEQUENCE SET; Schema: public; Owner: torki
--

SELECT pg_catalog.setval('public.sms_service_sponsorshipmilestone_id_seq', 1, false);


--
-- Name: sms_service_sponsorshippayment_id_seq; Type: SEQUENCE SET; Schema: public; Owner: torki
--

SELECT pg_catalog.setval('public.sms_service_sponsorshippayment_id_seq', 1, false);


--
-- Name: sms_service_userprofile_id_seq; Type: SEQUENCE SET; Schema: public; Owner: torki
--

SELECT pg_catalog.setval('public.sms_service_userprofile_id_seq', 1, false);


--
-- Name: sms_service_weatheralert_id_seq; Type: SEQUENCE SET; Schema: public; Owner: torki
--

SELECT pg_catalog.setval('public.sms_service_weatheralert_id_seq', 1, false);


--
-- Name: auth_group auth_group_name_key; Type: CONSTRAINT; Schema: public; Owner: torki
--

ALTER TABLE ONLY public.auth_group
    ADD CONSTRAINT auth_group_name_key UNIQUE (name);


--
-- Name: auth_group_permissions auth_group_permissions_group_id_permission_id_0cd325b0_uniq; Type: CONSTRAINT; Schema: public; Owner: torki
--

ALTER TABLE ONLY public.auth_group_permissions
    ADD CONSTRAINT auth_group_permissions_group_id_permission_id_0cd325b0_uniq UNIQUE (group_id, permission_id);


--
-- Name: auth_group_permissions auth_group_permissions_pkey; Type: CONSTRAINT; Schema: public; Owner: torki
--

ALTER TABLE ONLY public.auth_group_permissions
    ADD CONSTRAINT auth_group_permissions_pkey PRIMARY KEY (id);


--
-- Name: auth_group auth_group_pkey; Type: CONSTRAINT; Schema: public; Owner: torki
--

ALTER TABLE ONLY public.auth_group
    ADD CONSTRAINT auth_group_pkey PRIMARY KEY (id);


--
-- Name: auth_permission auth_permission_content_type_id_codename_01ab375a_uniq; Type: CONSTRAINT; Schema: public; Owner: torki
--

ALTER TABLE ONLY public.auth_permission
    ADD CONSTRAINT auth_permission_content_type_id_codename_01ab375a_uniq UNIQUE (content_type_id, codename);


--
-- Name: auth_permission auth_permission_pkey; Type: CONSTRAINT; Schema: public; Owner: torki
--

ALTER TABLE ONLY public.auth_permission
    ADD CONSTRAINT auth_permission_pkey PRIMARY KEY (id);


--
-- Name: auth_user_groups auth_user_groups_pkey; Type: CONSTRAINT; Schema: public; Owner: torki
--

ALTER TABLE ONLY public.auth_user_groups
    ADD CONSTRAINT auth_user_groups_pkey PRIMARY KEY (id);


--
-- Name: auth_user_groups auth_user_groups_user_id_group_id_94350c0c_uniq; Type: CONSTRAINT; Schema: public; Owner: torki
--

ALTER TABLE ONLY public.auth_user_groups
    ADD CONSTRAINT auth_user_groups_user_id_group_id_94350c0c_uniq UNIQUE (user_id, group_id);


--
-- Name: auth_user auth_user_pkey; Type: CONSTRAINT; Schema: public; Owner: torki
--

ALTER TABLE ONLY public.auth_user
    ADD CONSTRAINT auth_user_pkey PRIMARY KEY (id);


--
-- Name: auth_user_user_permissions auth_user_user_permissions_pkey; Type: CONSTRAINT; Schema: public; Owner: torki
--

ALTER TABLE ONLY public.auth_user_user_permissions
    ADD CONSTRAINT auth_user_user_permissions_pkey PRIMARY KEY (id);


--
-- Name: auth_user_user_permissions auth_user_user_permissions_user_id_permission_id_14a6b632_uniq; Type: CONSTRAINT; Schema: public; Owner: torki
--

ALTER TABLE ONLY public.auth_user_user_permissions
    ADD CONSTRAINT auth_user_user_permissions_user_id_permission_id_14a6b632_uniq UNIQUE (user_id, permission_id);


--
-- Name: auth_user auth_user_username_key; Type: CONSTRAINT; Schema: public; Owner: torki
--

ALTER TABLE ONLY public.auth_user
    ADD CONSTRAINT auth_user_username_key UNIQUE (username);


--
-- Name: django_admin_log django_admin_log_pkey; Type: CONSTRAINT; Schema: public; Owner: torki
--

ALTER TABLE ONLY public.django_admin_log
    ADD CONSTRAINT django_admin_log_pkey PRIMARY KEY (id);


--
-- Name: django_content_type django_content_type_app_label_model_76bd3d3b_uniq; Type: CONSTRAINT; Schema: public; Owner: torki
--

ALTER TABLE ONLY public.django_content_type
    ADD CONSTRAINT django_content_type_app_label_model_76bd3d3b_uniq UNIQUE (app_label, model);


--
-- Name: django_content_type django_content_type_pkey; Type: CONSTRAINT; Schema: public; Owner: torki
--

ALTER TABLE ONLY public.django_content_type
    ADD CONSTRAINT django_content_type_pkey PRIMARY KEY (id);


--
-- Name: django_migrations django_migrations_pkey; Type: CONSTRAINT; Schema: public; Owner: torki
--

ALTER TABLE ONLY public.django_migrations
    ADD CONSTRAINT django_migrations_pkey PRIMARY KEY (id);


--
-- Name: django_session django_session_pkey; Type: CONSTRAINT; Schema: public; Owner: torki
--

ALTER TABLE ONLY public.django_session
    ADD CONSTRAINT django_session_pkey PRIMARY KEY (session_key);


--
-- Name: marketplace_buyer marketplace_buyer_pkey; Type: CONSTRAINT; Schema: public; Owner: torki
--

ALTER TABLE ONLY public.marketplace_buyer
    ADD CONSTRAINT marketplace_buyer_pkey PRIMARY KEY (id);


--
-- Name: marketplace_buyer marketplace_buyer_profile_id_93fc25f5_uniq; Type: CONSTRAINT; Schema: public; Owner: torki
--

ALTER TABLE ONLY public.marketplace_buyer
    ADD CONSTRAINT marketplace_buyer_profile_id_93fc25f5_uniq UNIQUE (profile_id);


--
-- Name: marketplace_farmer marketplace_farmer_pkey; Type: CONSTRAINT; Schema: public; Owner: torki
--

ALTER TABLE ONLY public.marketplace_farmer
    ADD CONSTRAINT marketplace_farmer_pkey PRIMARY KEY (id);


--
-- Name: marketplace_farmer marketplace_farmer_profile_id_2a185a18_uniq; Type: CONSTRAINT; Schema: public; Owner: torki
--

ALTER TABLE ONLY public.marketplace_farmer
    ADD CONSTRAINT marketplace_farmer_profile_id_2a185a18_uniq UNIQUE (profile_id);


--
-- Name: marketplace_order marketplace_order_pkey; Type: CONSTRAINT; Schema: public; Owner: torki
--

ALTER TABLE ONLY public.marketplace_order
    ADD CONSTRAINT marketplace_order_pkey PRIMARY KEY (id);


--
-- Name: marketplace_priceupdate marketplace_priceupdate_pkey; Type: CONSTRAINT; Schema: public; Owner: torki
--

ALTER TABLE ONLY public.marketplace_priceupdate
    ADD CONSTRAINT marketplace_priceupdate_pkey PRIMARY KEY (id);


--
-- Name: marketplace_produce marketplace_produce_pkey; Type: CONSTRAINT; Schema: public; Owner: torki
--

ALTER TABLE ONLY public.marketplace_produce
    ADD CONSTRAINT marketplace_produce_pkey PRIMARY KEY (id);


--
-- Name: marketplace_producecategory marketplace_producecategory_pkey; Type: CONSTRAINT; Schema: public; Owner: torki
--

ALTER TABLE ONLY public.marketplace_producecategory
    ADD CONSTRAINT marketplace_producecategory_pkey PRIMARY KEY (id);


--
-- Name: marketplace_rating marketplace_rating_pkey; Type: CONSTRAINT; Schema: public; Owner: torki
--

ALTER TABLE ONLY public.marketplace_rating
    ADD CONSTRAINT marketplace_rating_pkey PRIMARY KEY (id);


--
-- Name: marketplace_smsmessage marketplace_smsmessage_pkey; Type: CONSTRAINT; Schema: public; Owner: torki
--

ALTER TABLE ONLY public.marketplace_smsmessage
    ADD CONSTRAINT marketplace_smsmessage_pkey PRIMARY KEY (id);


--
-- Name: marketplace_smssubscription marketplace_smssubscript_buyer_id_subscription_ty_39897711_uniq; Type: CONSTRAINT; Schema: public; Owner: torki
--

ALTER TABLE ONLY public.marketplace_smssubscription
    ADD CONSTRAINT marketplace_smssubscript_buyer_id_subscription_ty_39897711_uniq UNIQUE (buyer_id, subscription_type);


--
-- Name: marketplace_smssubscription marketplace_smssubscript_farmer_id_subscription_t_962bf429_uniq; Type: CONSTRAINT; Schema: public; Owner: torki
--

ALTER TABLE ONLY public.marketplace_smssubscription
    ADD CONSTRAINT marketplace_smssubscript_farmer_id_subscription_t_962bf429_uniq UNIQUE (farmer_id, subscription_type);


--
-- Name: marketplace_smssubscription marketplace_smssubscription_pkey; Type: CONSTRAINT; Schema: public; Owner: torki
--

ALTER TABLE ONLY public.marketplace_smssubscription
    ADD CONSTRAINT marketplace_smssubscription_pkey PRIMARY KEY (id);


--
-- Name: marketplace_smstemplate marketplace_smstemplate_name_key; Type: CONSTRAINT; Schema: public; Owner: torki
--

ALTER TABLE ONLY public.marketplace_smstemplate
    ADD CONSTRAINT marketplace_smstemplate_name_key UNIQUE (name);


--
-- Name: marketplace_smstemplate marketplace_smstemplate_pkey; Type: CONSTRAINT; Schema: public; Owner: torki
--

ALTER TABLE ONLY public.marketplace_smstemplate
    ADD CONSTRAINT marketplace_smstemplate_pkey PRIMARY KEY (id);


--
-- Name: marketplace_sponsor marketplace_sponsor_pkey; Type: CONSTRAINT; Schema: public; Owner: torki
--

ALTER TABLE ONLY public.marketplace_sponsor
    ADD CONSTRAINT marketplace_sponsor_pkey PRIMARY KEY (id);


--
-- Name: marketplace_sponsor marketplace_sponsor_profile_id_5625e6ee_uniq; Type: CONSTRAINT; Schema: public; Owner: torki
--

ALTER TABLE ONLY public.marketplace_sponsor
    ADD CONSTRAINT marketplace_sponsor_profile_id_5625e6ee_uniq UNIQUE (profile_id);


--
-- Name: marketplace_sponsorship marketplace_sponsorship_pkey; Type: CONSTRAINT; Schema: public; Owner: torki
--

ALTER TABLE ONLY public.marketplace_sponsorship
    ADD CONSTRAINT marketplace_sponsorship_pkey PRIMARY KEY (id);


--
-- Name: marketplace_sponsorshipmilestone marketplace_sponsorshipmilestone_pkey; Type: CONSTRAINT; Schema: public; Owner: torki
--

ALTER TABLE ONLY public.marketplace_sponsorshipmilestone
    ADD CONSTRAINT marketplace_sponsorshipmilestone_pkey PRIMARY KEY (id);


--
-- Name: marketplace_sponsorshippayment marketplace_sponsorshippayment_pkey; Type: CONSTRAINT; Schema: public; Owner: torki
--

ALTER TABLE ONLY public.marketplace_sponsorshippayment
    ADD CONSTRAINT marketplace_sponsorshippayment_pkey PRIMARY KEY (id);


--
-- Name: marketplace_userprofile marketplace_userprofile_pkey; Type: CONSTRAINT; Schema: public; Owner: torki
--

ALTER TABLE ONLY public.marketplace_userprofile
    ADD CONSTRAINT marketplace_userprofile_pkey PRIMARY KEY (id);


--
-- Name: marketplace_userprofile marketplace_userprofile_user_id_key; Type: CONSTRAINT; Schema: public; Owner: torki
--

ALTER TABLE ONLY public.marketplace_userprofile
    ADD CONSTRAINT marketplace_userprofile_user_id_key UNIQUE (user_id);


--
-- Name: marketplace_weatheralert marketplace_weatheralert_pkey; Type: CONSTRAINT; Schema: public; Owner: torki
--

ALTER TABLE ONLY public.marketplace_weatheralert
    ADD CONSTRAINT marketplace_weatheralert_pkey PRIMARY KEY (id);


--
-- Name: sms_service_buyer sms_service_buyer_pkey; Type: CONSTRAINT; Schema: public; Owner: torki
--

ALTER TABLE ONLY public.sms_service_buyer
    ADD CONSTRAINT sms_service_buyer_pkey PRIMARY KEY (id);


--
-- Name: sms_service_buyer sms_service_buyer_profile_id_key; Type: CONSTRAINT; Schema: public; Owner: torki
--

ALTER TABLE ONLY public.sms_service_buyer
    ADD CONSTRAINT sms_service_buyer_profile_id_key UNIQUE (profile_id);


--
-- Name: sms_service_farmer sms_service_farmer_pkey; Type: CONSTRAINT; Schema: public; Owner: torki
--

ALTER TABLE ONLY public.sms_service_farmer
    ADD CONSTRAINT sms_service_farmer_pkey PRIMARY KEY (id);


--
-- Name: sms_service_farmer sms_service_farmer_profile_id_key; Type: CONSTRAINT; Schema: public; Owner: torki
--

ALTER TABLE ONLY public.sms_service_farmer
    ADD CONSTRAINT sms_service_farmer_profile_id_key UNIQUE (profile_id);


--
-- Name: sms_service_order sms_service_order_pkey; Type: CONSTRAINT; Schema: public; Owner: torki
--

ALTER TABLE ONLY public.sms_service_order
    ADD CONSTRAINT sms_service_order_pkey PRIMARY KEY (id);


--
-- Name: sms_service_priceupdate sms_service_priceupdate_pkey; Type: CONSTRAINT; Schema: public; Owner: torki
--

ALTER TABLE ONLY public.sms_service_priceupdate
    ADD CONSTRAINT sms_service_priceupdate_pkey PRIMARY KEY (id);


--
-- Name: sms_service_produce sms_service_produce_pkey; Type: CONSTRAINT; Schema: public; Owner: torki
--

ALTER TABLE ONLY public.sms_service_produce
    ADD CONSTRAINT sms_service_produce_pkey PRIMARY KEY (id);


--
-- Name: sms_service_producecategory sms_service_producecategory_pkey; Type: CONSTRAINT; Schema: public; Owner: torki
--

ALTER TABLE ONLY public.sms_service_producecategory
    ADD CONSTRAINT sms_service_producecategory_pkey PRIMARY KEY (id);


--
-- Name: sms_service_rating sms_service_rating_pkey; Type: CONSTRAINT; Schema: public; Owner: torki
--

ALTER TABLE ONLY public.sms_service_rating
    ADD CONSTRAINT sms_service_rating_pkey PRIMARY KEY (id);


--
-- Name: sms_service_smsmessage sms_service_smsmessage_pkey; Type: CONSTRAINT; Schema: public; Owner: torki
--

ALTER TABLE ONLY public.sms_service_smsmessage
    ADD CONSTRAINT sms_service_smsmessage_pkey PRIMARY KEY (id);


--
-- Name: sms_service_smssubscription sms_service_smssubscript_buyer_id_subscription_ty_b0e0a8a7_uniq; Type: CONSTRAINT; Schema: public; Owner: torki
--

ALTER TABLE ONLY public.sms_service_smssubscription
    ADD CONSTRAINT sms_service_smssubscript_buyer_id_subscription_ty_b0e0a8a7_uniq UNIQUE (buyer_id, subscription_type);


--
-- Name: sms_service_smssubscription sms_service_smssubscript_farmer_id_subscription_t_e54704a0_uniq; Type: CONSTRAINT; Schema: public; Owner: torki
--

ALTER TABLE ONLY public.sms_service_smssubscription
    ADD CONSTRAINT sms_service_smssubscript_farmer_id_subscription_t_e54704a0_uniq UNIQUE (farmer_id, subscription_type);


--
-- Name: sms_service_smssubscription sms_service_smssubscription_pkey; Type: CONSTRAINT; Schema: public; Owner: torki
--

ALTER TABLE ONLY public.sms_service_smssubscription
    ADD CONSTRAINT sms_service_smssubscription_pkey PRIMARY KEY (id);


--
-- Name: sms_service_smstemplate sms_service_smstemplate_name_key; Type: CONSTRAINT; Schema: public; Owner: torki
--

ALTER TABLE ONLY public.sms_service_smstemplate
    ADD CONSTRAINT sms_service_smstemplate_name_key UNIQUE (name);


--
-- Name: sms_service_smstemplate sms_service_smstemplate_pkey; Type: CONSTRAINT; Schema: public; Owner: torki
--

ALTER TABLE ONLY public.sms_service_smstemplate
    ADD CONSTRAINT sms_service_smstemplate_pkey PRIMARY KEY (id);


--
-- Name: sms_service_sponsor sms_service_sponsor_pkey; Type: CONSTRAINT; Schema: public; Owner: torki
--

ALTER TABLE ONLY public.sms_service_sponsor
    ADD CONSTRAINT sms_service_sponsor_pkey PRIMARY KEY (id);


--
-- Name: sms_service_sponsor sms_service_sponsor_profile_id_key; Type: CONSTRAINT; Schema: public; Owner: torki
--

ALTER TABLE ONLY public.sms_service_sponsor
    ADD CONSTRAINT sms_service_sponsor_profile_id_key UNIQUE (profile_id);


--
-- Name: sms_service_sponsorship sms_service_sponsorship_pkey; Type: CONSTRAINT; Schema: public; Owner: torki
--

ALTER TABLE ONLY public.sms_service_sponsorship
    ADD CONSTRAINT sms_service_sponsorship_pkey PRIMARY KEY (id);


--
-- Name: sms_service_sponsorshipmilestone sms_service_sponsorshipmilestone_pkey; Type: CONSTRAINT; Schema: public; Owner: torki
--

ALTER TABLE ONLY public.sms_service_sponsorshipmilestone
    ADD CONSTRAINT sms_service_sponsorshipmilestone_pkey PRIMARY KEY (id);


--
-- Name: sms_service_sponsorshippayment sms_service_sponsorshippayment_pkey; Type: CONSTRAINT; Schema: public; Owner: torki
--

ALTER TABLE ONLY public.sms_service_sponsorshippayment
    ADD CONSTRAINT sms_service_sponsorshippayment_pkey PRIMARY KEY (id);


--
-- Name: sms_service_userprofile sms_service_userprofile_pkey; Type: CONSTRAINT; Schema: public; Owner: torki
--

ALTER TABLE ONLY public.sms_service_userprofile
    ADD CONSTRAINT sms_service_userprofile_pkey PRIMARY KEY (id);


--
-- Name: sms_service_userprofile sms_service_userprofile_user_id_key; Type: CONSTRAINT; Schema: public; Owner: torki
--

ALTER TABLE ONLY public.sms_service_userprofile
    ADD CONSTRAINT sms_service_userprofile_user_id_key UNIQUE (user_id);


--
-- Name: sms_service_weatheralert sms_service_weatheralert_pkey; Type: CONSTRAINT; Schema: public; Owner: torki
--

ALTER TABLE ONLY public.sms_service_weatheralert
    ADD CONSTRAINT sms_service_weatheralert_pkey PRIMARY KEY (id);


--
-- Name: auth_group_name_a6ea08ec_like; Type: INDEX; Schema: public; Owner: torki
--

CREATE INDEX auth_group_name_a6ea08ec_like ON public.auth_group USING btree (name varchar_pattern_ops);


--
-- Name: auth_group_permissions_group_id_b120cbf9; Type: INDEX; Schema: public; Owner: torki
--

CREATE INDEX auth_group_permissions_group_id_b120cbf9 ON public.auth_group_permissions USING btree (group_id);


--
-- Name: auth_group_permissions_permission_id_84c5c92e; Type: INDEX; Schema: public; Owner: torki
--

CREATE INDEX auth_group_permissions_permission_id_84c5c92e ON public.auth_group_permissions USING btree (permission_id);


--
-- Name: auth_permission_content_type_id_2f476e4b; Type: INDEX; Schema: public; Owner: torki
--

CREATE INDEX auth_permission_content_type_id_2f476e4b ON public.auth_permission USING btree (content_type_id);


--
-- Name: auth_user_groups_group_id_97559544; Type: INDEX; Schema: public; Owner: torki
--

CREATE INDEX auth_user_groups_group_id_97559544 ON public.auth_user_groups USING btree (group_id);


--
-- Name: auth_user_groups_user_id_6a12ed8b; Type: INDEX; Schema: public; Owner: torki
--

CREATE INDEX auth_user_groups_user_id_6a12ed8b ON public.auth_user_groups USING btree (user_id);


--
-- Name: auth_user_user_permissions_permission_id_1fbb5f2c; Type: INDEX; Schema: public; Owner: torki
--

CREATE INDEX auth_user_user_permissions_permission_id_1fbb5f2c ON public.auth_user_user_permissions USING btree (permission_id);


--
-- Name: auth_user_user_permissions_user_id_a95ead1b; Type: INDEX; Schema: public; Owner: torki
--

CREATE INDEX auth_user_user_permissions_user_id_a95ead1b ON public.auth_user_user_permissions USING btree (user_id);


--
-- Name: auth_user_username_6821ab7c_like; Type: INDEX; Schema: public; Owner: torki
--

CREATE INDEX auth_user_username_6821ab7c_like ON public.auth_user USING btree (username varchar_pattern_ops);


--
-- Name: django_admin_log_content_type_id_c4bce8eb; Type: INDEX; Schema: public; Owner: torki
--

CREATE INDEX django_admin_log_content_type_id_c4bce8eb ON public.django_admin_log USING btree (content_type_id);


--
-- Name: django_admin_log_user_id_c564eba6; Type: INDEX; Schema: public; Owner: torki
--

CREATE INDEX django_admin_log_user_id_c564eba6 ON public.django_admin_log USING btree (user_id);


--
-- Name: django_session_expire_date_a5c62663; Type: INDEX; Schema: public; Owner: torki
--

CREATE INDEX django_session_expire_date_a5c62663 ON public.django_session USING btree (expire_date);


--
-- Name: django_session_session_key_c0390e0f_like; Type: INDEX; Schema: public; Owner: torki
--

CREATE INDEX django_session_session_key_c0390e0f_like ON public.django_session USING btree (session_key varchar_pattern_ops);


--
-- Name: marketplace_order_buyer_id_cf7822e3; Type: INDEX; Schema: public; Owner: torki
--

CREATE INDEX marketplace_order_buyer_id_cf7822e3 ON public.marketplace_order USING btree (buyer_id);


--
-- Name: marketplace_order_produce_id_d7408689; Type: INDEX; Schema: public; Owner: torki
--

CREATE INDEX marketplace_order_produce_id_d7408689 ON public.marketplace_order USING btree (produce_id);


--
-- Name: marketplace_priceupdate_produce_category_id_a2a8eb20; Type: INDEX; Schema: public; Owner: torki
--

CREATE INDEX marketplace_priceupdate_produce_category_id_a2a8eb20 ON public.marketplace_priceupdate USING btree (produce_category_id);


--
-- Name: marketplace_produce_category_id_78394d0f; Type: INDEX; Schema: public; Owner: torki
--

CREATE INDEX marketplace_produce_category_id_78394d0f ON public.marketplace_produce USING btree (category_id);


--
-- Name: marketplace_produce_farmer_id_47e204f8; Type: INDEX; Schema: public; Owner: torki
--

CREATE INDEX marketplace_produce_farmer_id_47e204f8 ON public.marketplace_produce USING btree (farmer_id);


--
-- Name: marketplace_rating_buyer_id_883c891b; Type: INDEX; Schema: public; Owner: torki
--

CREATE INDEX marketplace_rating_buyer_id_883c891b ON public.marketplace_rating USING btree (buyer_id);


--
-- Name: marketplace_rating_farmer_id_d40cc33c; Type: INDEX; Schema: public; Owner: torki
--

CREATE INDEX marketplace_rating_farmer_id_d40cc33c ON public.marketplace_rating USING btree (farmer_id);


--
-- Name: marketplace_smsmessage_buyer_id_8d937131; Type: INDEX; Schema: public; Owner: torki
--

CREATE INDEX marketplace_smsmessage_buyer_id_8d937131 ON public.marketplace_smsmessage USING btree (buyer_id);


--
-- Name: marketplace_smsmessage_farmer_id_40be89f2; Type: INDEX; Schema: public; Owner: torki
--

CREATE INDEX marketplace_smsmessage_farmer_id_40be89f2 ON public.marketplace_smsmessage USING btree (farmer_id);


--
-- Name: marketplace_smsmessage_related_order_id_f8f88474; Type: INDEX; Schema: public; Owner: torki
--

CREATE INDEX marketplace_smsmessage_related_order_id_f8f88474 ON public.marketplace_smsmessage USING btree (related_order_id);


--
-- Name: marketplace_smsmessage_related_produce_id_3216c270; Type: INDEX; Schema: public; Owner: torki
--

CREATE INDEX marketplace_smsmessage_related_produce_id_3216c270 ON public.marketplace_smsmessage USING btree (related_produce_id);


--
-- Name: marketplace_smssubscription_buyer_id_99993088; Type: INDEX; Schema: public; Owner: torki
--

CREATE INDEX marketplace_smssubscription_buyer_id_99993088 ON public.marketplace_smssubscription USING btree (buyer_id);


--
-- Name: marketplace_smssubscription_farmer_id_6747834c; Type: INDEX; Schema: public; Owner: torki
--

CREATE INDEX marketplace_smssubscription_farmer_id_6747834c ON public.marketplace_smssubscription USING btree (farmer_id);


--
-- Name: marketplace_smstemplate_name_9fd91b6b_like; Type: INDEX; Schema: public; Owner: torki
--

CREATE INDEX marketplace_smstemplate_name_9fd91b6b_like ON public.marketplace_smstemplate USING btree (name varchar_pattern_ops);


--
-- Name: marketplace_sponsorship_farmer_id_d74a2f72; Type: INDEX; Schema: public; Owner: torki
--

CREATE INDEX marketplace_sponsorship_farmer_id_d74a2f72 ON public.marketplace_sponsorship USING btree (farmer_id);


--
-- Name: marketplace_sponsorship_sponsor_id_6df8cca2; Type: INDEX; Schema: public; Owner: torki
--

CREATE INDEX marketplace_sponsorship_sponsor_id_6df8cca2 ON public.marketplace_sponsorship USING btree (sponsor_id);


--
-- Name: marketplace_sponsorshipmilestone_sponsorship_id_d8f9de0f; Type: INDEX; Schema: public; Owner: torki
--

CREATE INDEX marketplace_sponsorshipmilestone_sponsorship_id_d8f9de0f ON public.marketplace_sponsorshipmilestone USING btree (sponsorship_id);


--
-- Name: marketplace_sponsorshippayment_sponsor_id_a8333a4e; Type: INDEX; Schema: public; Owner: torki
--

CREATE INDEX marketplace_sponsorshippayment_sponsor_id_a8333a4e ON public.marketplace_sponsorshippayment USING btree (sponsor_id);


--
-- Name: marketplace_sponsorshippayment_sponsorship_id_d15855f7; Type: INDEX; Schema: public; Owner: torki
--

CREATE INDEX marketplace_sponsorshippayment_sponsorship_id_d15855f7 ON public.marketplace_sponsorshippayment USING btree (sponsorship_id);


--
-- Name: sms_service_order_buyer_id_5dd08911; Type: INDEX; Schema: public; Owner: torki
--

CREATE INDEX sms_service_order_buyer_id_5dd08911 ON public.sms_service_order USING btree (buyer_id);


--
-- Name: sms_service_order_produce_id_164647a6; Type: INDEX; Schema: public; Owner: torki
--

CREATE INDEX sms_service_order_produce_id_164647a6 ON public.sms_service_order USING btree (produce_id);


--
-- Name: sms_service_priceupdate_produce_category_id_151d2023; Type: INDEX; Schema: public; Owner: torki
--

CREATE INDEX sms_service_priceupdate_produce_category_id_151d2023 ON public.sms_service_priceupdate USING btree (produce_category_id);


--
-- Name: sms_service_produce_category_id_9bac0d79; Type: INDEX; Schema: public; Owner: torki
--

CREATE INDEX sms_service_produce_category_id_9bac0d79 ON public.sms_service_produce USING btree (category_id);


--
-- Name: sms_service_produce_farmer_id_481fb21b; Type: INDEX; Schema: public; Owner: torki
--

CREATE INDEX sms_service_produce_farmer_id_481fb21b ON public.sms_service_produce USING btree (farmer_id);


--
-- Name: sms_service_rating_buyer_id_4024d6e7; Type: INDEX; Schema: public; Owner: torki
--

CREATE INDEX sms_service_rating_buyer_id_4024d6e7 ON public.sms_service_rating USING btree (buyer_id);


--
-- Name: sms_service_rating_farmer_id_67e8b0b4; Type: INDEX; Schema: public; Owner: torki
--

CREATE INDEX sms_service_rating_farmer_id_67e8b0b4 ON public.sms_service_rating USING btree (farmer_id);


--
-- Name: sms_service_smsmessage_buyer_id_4823fec4; Type: INDEX; Schema: public; Owner: torki
--

CREATE INDEX sms_service_smsmessage_buyer_id_4823fec4 ON public.sms_service_smsmessage USING btree (buyer_id);


--
-- Name: sms_service_smsmessage_farmer_id_b86e85fa; Type: INDEX; Schema: public; Owner: torki
--

CREATE INDEX sms_service_smsmessage_farmer_id_b86e85fa ON public.sms_service_smsmessage USING btree (farmer_id);


--
-- Name: sms_service_smsmessage_related_order_id_31b0be60; Type: INDEX; Schema: public; Owner: torki
--

CREATE INDEX sms_service_smsmessage_related_order_id_31b0be60 ON public.sms_service_smsmessage USING btree (related_order_id);


--
-- Name: sms_service_smsmessage_related_produce_id_542a8ae5; Type: INDEX; Schema: public; Owner: torki
--

CREATE INDEX sms_service_smsmessage_related_produce_id_542a8ae5 ON public.sms_service_smsmessage USING btree (related_produce_id);


--
-- Name: sms_service_smssubscription_buyer_id_bb52a5de; Type: INDEX; Schema: public; Owner: torki
--

CREATE INDEX sms_service_smssubscription_buyer_id_bb52a5de ON public.sms_service_smssubscription USING btree (buyer_id);


--
-- Name: sms_service_smssubscription_farmer_id_7c384eb3; Type: INDEX; Schema: public; Owner: torki
--

CREATE INDEX sms_service_smssubscription_farmer_id_7c384eb3 ON public.sms_service_smssubscription USING btree (farmer_id);


--
-- Name: sms_service_smstemplate_name_6d254b20_like; Type: INDEX; Schema: public; Owner: torki
--

CREATE INDEX sms_service_smstemplate_name_6d254b20_like ON public.sms_service_smstemplate USING btree (name varchar_pattern_ops);


--
-- Name: sms_service_sponsorship_farmer_id_589c32a9; Type: INDEX; Schema: public; Owner: torki
--

CREATE INDEX sms_service_sponsorship_farmer_id_589c32a9 ON public.sms_service_sponsorship USING btree (farmer_id);


--
-- Name: sms_service_sponsorship_sponsor_id_9747455e; Type: INDEX; Schema: public; Owner: torki
--

CREATE INDEX sms_service_sponsorship_sponsor_id_9747455e ON public.sms_service_sponsorship USING btree (sponsor_id);


--
-- Name: sms_service_sponsorshipmilestone_sponsorship_id_8251fa86; Type: INDEX; Schema: public; Owner: torki
--

CREATE INDEX sms_service_sponsorshipmilestone_sponsorship_id_8251fa86 ON public.sms_service_sponsorshipmilestone USING btree (sponsorship_id);


--
-- Name: sms_service_sponsorshippayment_sponsor_id_2edac45e; Type: INDEX; Schema: public; Owner: torki
--

CREATE INDEX sms_service_sponsorshippayment_sponsor_id_2edac45e ON public.sms_service_sponsorshippayment USING btree (sponsor_id);


--
-- Name: sms_service_sponsorshippayment_sponsorship_id_3adfe4e3; Type: INDEX; Schema: public; Owner: torki
--

CREATE INDEX sms_service_sponsorshippayment_sponsorship_id_3adfe4e3 ON public.sms_service_sponsorshippayment USING btree (sponsorship_id);


--
-- Name: auth_group_permissions auth_group_permissio_permission_id_84c5c92e_fk_auth_perm; Type: FK CONSTRAINT; Schema: public; Owner: torki
--

ALTER TABLE ONLY public.auth_group_permissions
    ADD CONSTRAINT auth_group_permissio_permission_id_84c5c92e_fk_auth_perm FOREIGN KEY (permission_id) REFERENCES public.auth_permission(id) DEFERRABLE INITIALLY DEFERRED;


--
-- Name: auth_group_permissions auth_group_permissions_group_id_b120cbf9_fk_auth_group_id; Type: FK CONSTRAINT; Schema: public; Owner: torki
--

ALTER TABLE ONLY public.auth_group_permissions
    ADD CONSTRAINT auth_group_permissions_group_id_b120cbf9_fk_auth_group_id FOREIGN KEY (group_id) REFERENCES public.auth_group(id) DEFERRABLE INITIALLY DEFERRED;


--
-- Name: auth_permission auth_permission_content_type_id_2f476e4b_fk_django_co; Type: FK CONSTRAINT; Schema: public; Owner: torki
--

ALTER TABLE ONLY public.auth_permission
    ADD CONSTRAINT auth_permission_content_type_id_2f476e4b_fk_django_co FOREIGN KEY (content_type_id) REFERENCES public.django_content_type(id) DEFERRABLE INITIALLY DEFERRED;


--
-- Name: auth_user_groups auth_user_groups_group_id_97559544_fk_auth_group_id; Type: FK CONSTRAINT; Schema: public; Owner: torki
--

ALTER TABLE ONLY public.auth_user_groups
    ADD CONSTRAINT auth_user_groups_group_id_97559544_fk_auth_group_id FOREIGN KEY (group_id) REFERENCES public.auth_group(id) DEFERRABLE INITIALLY DEFERRED;


--
-- Name: auth_user_groups auth_user_groups_user_id_6a12ed8b_fk_auth_user_id; Type: FK CONSTRAINT; Schema: public; Owner: torki
--

ALTER TABLE ONLY public.auth_user_groups
    ADD CONSTRAINT auth_user_groups_user_id_6a12ed8b_fk_auth_user_id FOREIGN KEY (user_id) REFERENCES public.auth_user(id) DEFERRABLE INITIALLY DEFERRED;


--
-- Name: auth_user_user_permissions auth_user_user_permi_permission_id_1fbb5f2c_fk_auth_perm; Type: FK CONSTRAINT; Schema: public; Owner: torki
--

ALTER TABLE ONLY public.auth_user_user_permissions
    ADD CONSTRAINT auth_user_user_permi_permission_id_1fbb5f2c_fk_auth_perm FOREIGN KEY (permission_id) REFERENCES public.auth_permission(id) DEFERRABLE INITIALLY DEFERRED;


--
-- Name: auth_user_user_permissions auth_user_user_permissions_user_id_a95ead1b_fk_auth_user_id; Type: FK CONSTRAINT; Schema: public; Owner: torki
--

ALTER TABLE ONLY public.auth_user_user_permissions
    ADD CONSTRAINT auth_user_user_permissions_user_id_a95ead1b_fk_auth_user_id FOREIGN KEY (user_id) REFERENCES public.auth_user(id) DEFERRABLE INITIALLY DEFERRED;


--
-- Name: django_admin_log django_admin_log_content_type_id_c4bce8eb_fk_django_co; Type: FK CONSTRAINT; Schema: public; Owner: torki
--

ALTER TABLE ONLY public.django_admin_log
    ADD CONSTRAINT django_admin_log_content_type_id_c4bce8eb_fk_django_co FOREIGN KEY (content_type_id) REFERENCES public.django_content_type(id) DEFERRABLE INITIALLY DEFERRED;


--
-- Name: django_admin_log django_admin_log_user_id_c564eba6_fk_auth_user_id; Type: FK CONSTRAINT; Schema: public; Owner: torki
--

ALTER TABLE ONLY public.django_admin_log
    ADD CONSTRAINT django_admin_log_user_id_c564eba6_fk_auth_user_id FOREIGN KEY (user_id) REFERENCES public.auth_user(id) DEFERRABLE INITIALLY DEFERRED;


--
-- Name: marketplace_buyer marketplace_buyer_profile_id_93fc25f5_fk_marketpla; Type: FK CONSTRAINT; Schema: public; Owner: torki
--

ALTER TABLE ONLY public.marketplace_buyer
    ADD CONSTRAINT marketplace_buyer_profile_id_93fc25f5_fk_marketpla FOREIGN KEY (profile_id) REFERENCES public.marketplace_userprofile(id) DEFERRABLE INITIALLY DEFERRED;


--
-- Name: marketplace_farmer marketplace_farmer_profile_id_2a185a18_fk_marketpla; Type: FK CONSTRAINT; Schema: public; Owner: torki
--

ALTER TABLE ONLY public.marketplace_farmer
    ADD CONSTRAINT marketplace_farmer_profile_id_2a185a18_fk_marketpla FOREIGN KEY (profile_id) REFERENCES public.marketplace_userprofile(id) DEFERRABLE INITIALLY DEFERRED;


--
-- Name: marketplace_order marketplace_order_buyer_id_cf7822e3_fk_marketplace_buyer_id; Type: FK CONSTRAINT; Schema: public; Owner: torki
--

ALTER TABLE ONLY public.marketplace_order
    ADD CONSTRAINT marketplace_order_buyer_id_cf7822e3_fk_marketplace_buyer_id FOREIGN KEY (buyer_id) REFERENCES public.marketplace_buyer(id) DEFERRABLE INITIALLY DEFERRED;


--
-- Name: marketplace_order marketplace_order_produce_id_d7408689_fk_marketplace_produce_id; Type: FK CONSTRAINT; Schema: public; Owner: torki
--

ALTER TABLE ONLY public.marketplace_order
    ADD CONSTRAINT marketplace_order_produce_id_d7408689_fk_marketplace_produce_id FOREIGN KEY (produce_id) REFERENCES public.marketplace_produce(id) DEFERRABLE INITIALLY DEFERRED;


--
-- Name: marketplace_priceupdate marketplace_priceupd_produce_category_id_a2a8eb20_fk_marketpla; Type: FK CONSTRAINT; Schema: public; Owner: torki
--

ALTER TABLE ONLY public.marketplace_priceupdate
    ADD CONSTRAINT marketplace_priceupd_produce_category_id_a2a8eb20_fk_marketpla FOREIGN KEY (produce_category_id) REFERENCES public.marketplace_producecategory(id) DEFERRABLE INITIALLY DEFERRED;


--
-- Name: marketplace_produce marketplace_produce_category_id_78394d0f_fk_marketpla; Type: FK CONSTRAINT; Schema: public; Owner: torki
--

ALTER TABLE ONLY public.marketplace_produce
    ADD CONSTRAINT marketplace_produce_category_id_78394d0f_fk_marketpla FOREIGN KEY (category_id) REFERENCES public.marketplace_producecategory(id) DEFERRABLE INITIALLY DEFERRED;


--
-- Name: marketplace_produce marketplace_produce_farmer_id_47e204f8_fk_marketplace_farmer_id; Type: FK CONSTRAINT; Schema: public; Owner: torki
--

ALTER TABLE ONLY public.marketplace_produce
    ADD CONSTRAINT marketplace_produce_farmer_id_47e204f8_fk_marketplace_farmer_id FOREIGN KEY (farmer_id) REFERENCES public.marketplace_farmer(id) DEFERRABLE INITIALLY DEFERRED;


--
-- Name: marketplace_rating marketplace_rating_buyer_id_883c891b_fk_marketplace_buyer_id; Type: FK CONSTRAINT; Schema: public; Owner: torki
--

ALTER TABLE ONLY public.marketplace_rating
    ADD CONSTRAINT marketplace_rating_buyer_id_883c891b_fk_marketplace_buyer_id FOREIGN KEY (buyer_id) REFERENCES public.marketplace_buyer(id) DEFERRABLE INITIALLY DEFERRED;


--
-- Name: marketplace_rating marketplace_rating_farmer_id_d40cc33c_fk_marketplace_farmer_id; Type: FK CONSTRAINT; Schema: public; Owner: torki
--

ALTER TABLE ONLY public.marketplace_rating
    ADD CONSTRAINT marketplace_rating_farmer_id_d40cc33c_fk_marketplace_farmer_id FOREIGN KEY (farmer_id) REFERENCES public.marketplace_farmer(id) DEFERRABLE INITIALLY DEFERRED;


--
-- Name: marketplace_smsmessage marketplace_smsmessa_buyer_id_8d937131_fk_marketpla; Type: FK CONSTRAINT; Schema: public; Owner: torki
--

ALTER TABLE ONLY public.marketplace_smsmessage
    ADD CONSTRAINT marketplace_smsmessa_buyer_id_8d937131_fk_marketpla FOREIGN KEY (buyer_id) REFERENCES public.marketplace_buyer(id) DEFERRABLE INITIALLY DEFERRED;


--
-- Name: marketplace_smsmessage marketplace_smsmessa_farmer_id_40be89f2_fk_marketpla; Type: FK CONSTRAINT; Schema: public; Owner: torki
--

ALTER TABLE ONLY public.marketplace_smsmessage
    ADD CONSTRAINT marketplace_smsmessa_farmer_id_40be89f2_fk_marketpla FOREIGN KEY (farmer_id) REFERENCES public.marketplace_farmer(id) DEFERRABLE INITIALLY DEFERRED;


--
-- Name: marketplace_smsmessage marketplace_smsmessa_related_order_id_f8f88474_fk_marketpla; Type: FK CONSTRAINT; Schema: public; Owner: torki
--

ALTER TABLE ONLY public.marketplace_smsmessage
    ADD CONSTRAINT marketplace_smsmessa_related_order_id_f8f88474_fk_marketpla FOREIGN KEY (related_order_id) REFERENCES public.marketplace_order(id) DEFERRABLE INITIALLY DEFERRED;


--
-- Name: marketplace_smsmessage marketplace_smsmessa_related_produce_id_3216c270_fk_marketpla; Type: FK CONSTRAINT; Schema: public; Owner: torki
--

ALTER TABLE ONLY public.marketplace_smsmessage
    ADD CONSTRAINT marketplace_smsmessa_related_produce_id_3216c270_fk_marketpla FOREIGN KEY (related_produce_id) REFERENCES public.marketplace_produce(id) DEFERRABLE INITIALLY DEFERRED;


--
-- Name: marketplace_smssubscription marketplace_smssubsc_buyer_id_99993088_fk_marketpla; Type: FK CONSTRAINT; Schema: public; Owner: torki
--

ALTER TABLE ONLY public.marketplace_smssubscription
    ADD CONSTRAINT marketplace_smssubsc_buyer_id_99993088_fk_marketpla FOREIGN KEY (buyer_id) REFERENCES public.marketplace_buyer(id) DEFERRABLE INITIALLY DEFERRED;


--
-- Name: marketplace_smssubscription marketplace_smssubsc_farmer_id_6747834c_fk_marketpla; Type: FK CONSTRAINT; Schema: public; Owner: torki
--

ALTER TABLE ONLY public.marketplace_smssubscription
    ADD CONSTRAINT marketplace_smssubsc_farmer_id_6747834c_fk_marketpla FOREIGN KEY (farmer_id) REFERENCES public.marketplace_farmer(id) DEFERRABLE INITIALLY DEFERRED;


--
-- Name: marketplace_sponsor marketplace_sponsor_profile_id_5625e6ee_fk_marketpla; Type: FK CONSTRAINT; Schema: public; Owner: torki
--

ALTER TABLE ONLY public.marketplace_sponsor
    ADD CONSTRAINT marketplace_sponsor_profile_id_5625e6ee_fk_marketpla FOREIGN KEY (profile_id) REFERENCES public.marketplace_userprofile(id) DEFERRABLE INITIALLY DEFERRED;


--
-- Name: marketplace_sponsorship marketplace_sponsors_farmer_id_d74a2f72_fk_marketpla; Type: FK CONSTRAINT; Schema: public; Owner: torki
--

ALTER TABLE ONLY public.marketplace_sponsorship
    ADD CONSTRAINT marketplace_sponsors_farmer_id_d74a2f72_fk_marketpla FOREIGN KEY (farmer_id) REFERENCES public.marketplace_farmer(id) DEFERRABLE INITIALLY DEFERRED;


--
-- Name: marketplace_sponsorship marketplace_sponsors_sponsor_id_6df8cca2_fk_marketpla; Type: FK CONSTRAINT; Schema: public; Owner: torki
--

ALTER TABLE ONLY public.marketplace_sponsorship
    ADD CONSTRAINT marketplace_sponsors_sponsor_id_6df8cca2_fk_marketpla FOREIGN KEY (sponsor_id) REFERENCES public.marketplace_sponsor(id) DEFERRABLE INITIALLY DEFERRED;


--
-- Name: marketplace_sponsorshippayment marketplace_sponsors_sponsor_id_a8333a4e_fk_marketpla; Type: FK CONSTRAINT; Schema: public; Owner: torki
--

ALTER TABLE ONLY public.marketplace_sponsorshippayment
    ADD CONSTRAINT marketplace_sponsors_sponsor_id_a8333a4e_fk_marketpla FOREIGN KEY (sponsor_id) REFERENCES public.marketplace_sponsor(id) DEFERRABLE INITIALLY DEFERRED;


--
-- Name: marketplace_sponsorshippayment marketplace_sponsors_sponsorship_id_d15855f7_fk_marketpla; Type: FK CONSTRAINT; Schema: public; Owner: torki
--

ALTER TABLE ONLY public.marketplace_sponsorshippayment
    ADD CONSTRAINT marketplace_sponsors_sponsorship_id_d15855f7_fk_marketpla FOREIGN KEY (sponsorship_id) REFERENCES public.marketplace_sponsorship(id) DEFERRABLE INITIALLY DEFERRED;


--
-- Name: marketplace_sponsorshipmilestone marketplace_sponsors_sponsorship_id_d8f9de0f_fk_marketpla; Type: FK CONSTRAINT; Schema: public; Owner: torki
--

ALTER TABLE ONLY public.marketplace_sponsorshipmilestone
    ADD CONSTRAINT marketplace_sponsors_sponsorship_id_d8f9de0f_fk_marketpla FOREIGN KEY (sponsorship_id) REFERENCES public.marketplace_sponsorship(id) DEFERRABLE INITIALLY DEFERRED;


--
-- Name: marketplace_userprofile marketplace_userprofile_user_id_0545613a_fk_auth_user_id; Type: FK CONSTRAINT; Schema: public; Owner: torki
--

ALTER TABLE ONLY public.marketplace_userprofile
    ADD CONSTRAINT marketplace_userprofile_user_id_0545613a_fk_auth_user_id FOREIGN KEY (user_id) REFERENCES public.auth_user(id) DEFERRABLE INITIALLY DEFERRED;


--
-- Name: sms_service_buyer sms_service_buyer_profile_id_755e5893_fk_sms_servi; Type: FK CONSTRAINT; Schema: public; Owner: torki
--

ALTER TABLE ONLY public.sms_service_buyer
    ADD CONSTRAINT sms_service_buyer_profile_id_755e5893_fk_sms_servi FOREIGN KEY (profile_id) REFERENCES public.sms_service_userprofile(id) DEFERRABLE INITIALLY DEFERRED;


--
-- Name: sms_service_farmer sms_service_farmer_profile_id_6c9ff9be_fk_sms_servi; Type: FK CONSTRAINT; Schema: public; Owner: torki
--

ALTER TABLE ONLY public.sms_service_farmer
    ADD CONSTRAINT sms_service_farmer_profile_id_6c9ff9be_fk_sms_servi FOREIGN KEY (profile_id) REFERENCES public.sms_service_userprofile(id) DEFERRABLE INITIALLY DEFERRED;


--
-- Name: sms_service_order sms_service_order_buyer_id_5dd08911_fk_sms_service_buyer_id; Type: FK CONSTRAINT; Schema: public; Owner: torki
--

ALTER TABLE ONLY public.sms_service_order
    ADD CONSTRAINT sms_service_order_buyer_id_5dd08911_fk_sms_service_buyer_id FOREIGN KEY (buyer_id) REFERENCES public.sms_service_buyer(id) DEFERRABLE INITIALLY DEFERRED;


--
-- Name: sms_service_order sms_service_order_produce_id_164647a6_fk_sms_service_produce_id; Type: FK CONSTRAINT; Schema: public; Owner: torki
--

ALTER TABLE ONLY public.sms_service_order
    ADD CONSTRAINT sms_service_order_produce_id_164647a6_fk_sms_service_produce_id FOREIGN KEY (produce_id) REFERENCES public.sms_service_produce(id) DEFERRABLE INITIALLY DEFERRED;


--
-- Name: sms_service_priceupdate sms_service_priceupd_produce_category_id_151d2023_fk_marketpla; Type: FK CONSTRAINT; Schema: public; Owner: torki
--

ALTER TABLE ONLY public.sms_service_priceupdate
    ADD CONSTRAINT sms_service_priceupd_produce_category_id_151d2023_fk_marketpla FOREIGN KEY (produce_category_id) REFERENCES public.marketplace_producecategory(id) DEFERRABLE INITIALLY DEFERRED;


--
-- Name: sms_service_produce sms_service_produce_category_id_9bac0d79_fk_sms_servi; Type: FK CONSTRAINT; Schema: public; Owner: torki
--

ALTER TABLE ONLY public.sms_service_produce
    ADD CONSTRAINT sms_service_produce_category_id_9bac0d79_fk_sms_servi FOREIGN KEY (category_id) REFERENCES public.sms_service_producecategory(id) DEFERRABLE INITIALLY DEFERRED;


--
-- Name: sms_service_produce sms_service_produce_farmer_id_481fb21b_fk_sms_service_farmer_id; Type: FK CONSTRAINT; Schema: public; Owner: torki
--

ALTER TABLE ONLY public.sms_service_produce
    ADD CONSTRAINT sms_service_produce_farmer_id_481fb21b_fk_sms_service_farmer_id FOREIGN KEY (farmer_id) REFERENCES public.sms_service_farmer(id) DEFERRABLE INITIALLY DEFERRED;


--
-- Name: sms_service_rating sms_service_rating_buyer_id_4024d6e7_fk_sms_service_buyer_id; Type: FK CONSTRAINT; Schema: public; Owner: torki
--

ALTER TABLE ONLY public.sms_service_rating
    ADD CONSTRAINT sms_service_rating_buyer_id_4024d6e7_fk_sms_service_buyer_id FOREIGN KEY (buyer_id) REFERENCES public.sms_service_buyer(id) DEFERRABLE INITIALLY DEFERRED;


--
-- Name: sms_service_rating sms_service_rating_farmer_id_67e8b0b4_fk_sms_service_farmer_id; Type: FK CONSTRAINT; Schema: public; Owner: torki
--

ALTER TABLE ONLY public.sms_service_rating
    ADD CONSTRAINT sms_service_rating_farmer_id_67e8b0b4_fk_sms_service_farmer_id FOREIGN KEY (farmer_id) REFERENCES public.sms_service_farmer(id) DEFERRABLE INITIALLY DEFERRED;


--
-- Name: sms_service_smsmessage sms_service_smsmessa_buyer_id_4823fec4_fk_marketpla; Type: FK CONSTRAINT; Schema: public; Owner: torki
--

ALTER TABLE ONLY public.sms_service_smsmessage
    ADD CONSTRAINT sms_service_smsmessa_buyer_id_4823fec4_fk_marketpla FOREIGN KEY (buyer_id) REFERENCES public.marketplace_buyer(id) DEFERRABLE INITIALLY DEFERRED;


--
-- Name: sms_service_smsmessage sms_service_smsmessa_farmer_id_b86e85fa_fk_marketpla; Type: FK CONSTRAINT; Schema: public; Owner: torki
--

ALTER TABLE ONLY public.sms_service_smsmessage
    ADD CONSTRAINT sms_service_smsmessa_farmer_id_b86e85fa_fk_marketpla FOREIGN KEY (farmer_id) REFERENCES public.marketplace_farmer(id) DEFERRABLE INITIALLY DEFERRED;


--
-- Name: sms_service_smsmessage sms_service_smsmessa_related_order_id_31b0be60_fk_marketpla; Type: FK CONSTRAINT; Schema: public; Owner: torki
--

ALTER TABLE ONLY public.sms_service_smsmessage
    ADD CONSTRAINT sms_service_smsmessa_related_order_id_31b0be60_fk_marketpla FOREIGN KEY (related_order_id) REFERENCES public.marketplace_order(id) DEFERRABLE INITIALLY DEFERRED;


--
-- Name: sms_service_smsmessage sms_service_smsmessa_related_produce_id_542a8ae5_fk_marketpla; Type: FK CONSTRAINT; Schema: public; Owner: torki
--

ALTER TABLE ONLY public.sms_service_smsmessage
    ADD CONSTRAINT sms_service_smsmessa_related_produce_id_542a8ae5_fk_marketpla FOREIGN KEY (related_produce_id) REFERENCES public.marketplace_produce(id) DEFERRABLE INITIALLY DEFERRED;


--
-- Name: sms_service_smssubscription sms_service_smssubsc_buyer_id_bb52a5de_fk_marketpla; Type: FK CONSTRAINT; Schema: public; Owner: torki
--

ALTER TABLE ONLY public.sms_service_smssubscription
    ADD CONSTRAINT sms_service_smssubsc_buyer_id_bb52a5de_fk_marketpla FOREIGN KEY (buyer_id) REFERENCES public.marketplace_buyer(id) DEFERRABLE INITIALLY DEFERRED;


--
-- Name: sms_service_smssubscription sms_service_smssubsc_farmer_id_7c384eb3_fk_marketpla; Type: FK CONSTRAINT; Schema: public; Owner: torki
--

ALTER TABLE ONLY public.sms_service_smssubscription
    ADD CONSTRAINT sms_service_smssubsc_farmer_id_7c384eb3_fk_marketpla FOREIGN KEY (farmer_id) REFERENCES public.marketplace_farmer(id) DEFERRABLE INITIALLY DEFERRED;


--
-- Name: sms_service_sponsor sms_service_sponsor_profile_id_9cd71724_fk_sms_servi; Type: FK CONSTRAINT; Schema: public; Owner: torki
--

ALTER TABLE ONLY public.sms_service_sponsor
    ADD CONSTRAINT sms_service_sponsor_profile_id_9cd71724_fk_sms_servi FOREIGN KEY (profile_id) REFERENCES public.sms_service_userprofile(id) DEFERRABLE INITIALLY DEFERRED;


--
-- Name: sms_service_sponsorship sms_service_sponsors_farmer_id_589c32a9_fk_sms_servi; Type: FK CONSTRAINT; Schema: public; Owner: torki
--

ALTER TABLE ONLY public.sms_service_sponsorship
    ADD CONSTRAINT sms_service_sponsors_farmer_id_589c32a9_fk_sms_servi FOREIGN KEY (farmer_id) REFERENCES public.sms_service_farmer(id) DEFERRABLE INITIALLY DEFERRED;


--
-- Name: sms_service_sponsorshippayment sms_service_sponsors_sponsor_id_2edac45e_fk_sms_servi; Type: FK CONSTRAINT; Schema: public; Owner: torki
--

ALTER TABLE ONLY public.sms_service_sponsorshippayment
    ADD CONSTRAINT sms_service_sponsors_sponsor_id_2edac45e_fk_sms_servi FOREIGN KEY (sponsor_id) REFERENCES public.sms_service_sponsor(id) DEFERRABLE INITIALLY DEFERRED;


--
-- Name: sms_service_sponsorship sms_service_sponsors_sponsor_id_9747455e_fk_sms_servi; Type: FK CONSTRAINT; Schema: public; Owner: torki
--

ALTER TABLE ONLY public.sms_service_sponsorship
    ADD CONSTRAINT sms_service_sponsors_sponsor_id_9747455e_fk_sms_servi FOREIGN KEY (sponsor_id) REFERENCES public.sms_service_sponsor(id) DEFERRABLE INITIALLY DEFERRED;


--
-- Name: sms_service_sponsorshippayment sms_service_sponsors_sponsorship_id_3adfe4e3_fk_sms_servi; Type: FK CONSTRAINT; Schema: public; Owner: torki
--

ALTER TABLE ONLY public.sms_service_sponsorshippayment
    ADD CONSTRAINT sms_service_sponsors_sponsorship_id_3adfe4e3_fk_sms_servi FOREIGN KEY (sponsorship_id) REFERENCES public.sms_service_sponsorship(id) DEFERRABLE INITIALLY DEFERRED;


--
-- Name: sms_service_sponsorshipmilestone sms_service_sponsors_sponsorship_id_8251fa86_fk_sms_servi; Type: FK CONSTRAINT; Schema: public; Owner: torki
--

ALTER TABLE ONLY public.sms_service_sponsorshipmilestone
    ADD CONSTRAINT sms_service_sponsors_sponsorship_id_8251fa86_fk_sms_servi FOREIGN KEY (sponsorship_id) REFERENCES public.sms_service_sponsorship(id) DEFERRABLE INITIALLY DEFERRED;


--
-- Name: sms_service_userprofile sms_service_userprofile_user_id_25042844_fk_auth_user_id; Type: FK CONSTRAINT; Schema: public; Owner: torki
--

ALTER TABLE ONLY public.sms_service_userprofile
    ADD CONSTRAINT sms_service_userprofile_user_id_25042844_fk_auth_user_id FOREIGN KEY (user_id) REFERENCES public.auth_user(id) DEFERRABLE INITIALLY DEFERRED;


--
-- PostgreSQL database dump complete
--

